Entity,Year,Lifetime risk of maternal death (%)
Afghanistan,2000,10.443196
Afghanistan,2001,9.488699
Afghanistan,2002,9.525102
Afghanistan,2003,8.963874
Afghanistan,2004,8.01181
Afghanistan,2005,7.9415417
Afghanistan,2006,7.19547
Afghanistan,2007,7.0698094
Afghanistan,2008,6.347189
Afghanistan,2009,5.731461
Afghanistan,2010,5.652984
Afghanistan,2011,5.572064
Afghanistan,2012,4.988909
Afghanistan,2013,4.9222956
Afghanistan,2014,4.4539237
Afghanistan,2015,4.404232
Afghanistan,2016,4.2660356
Afghanistan,2017,3.6596594
Afghanistan,2018,3.5653467
Afghanistan,2019,3.4663696
Afghanistan,2020,3.13021
Albania,2000,0.034790356
Albania,2001,0.026077615
Albania,2002,0.025836343
Albania,2003,0.025243012
Albania,2004,0.018457394
Albania,2005,0.018807514
Albania,2006,0.018700711
Albania,2007,0.017718114
Albania,2008,0.01692816
Albania,2009,0.015814684
Albania,2010,0.014807856
Albania,2011,0.013990279
Albania,2012,0.013558104
Albania,2013,0.012548922
Albania,2014,0.012194411
Albania,2015,0.011968033
Albania,2016,0.01158389
Albania,2017,0.011644649
Albania,2018,0.0075618816
Albania,2019,0.007388377
Albania,2020,0.01149174
Algeria,2000,0.38003328
Algeria,2001,0.3718942
Algeria,2002,0.35979402
Algeria,2003,0.365697
Algeria,2004,0.32776925
Algeria,2005,0.39320916
Algeria,2006,0.3687584
Algeria,2007,0.34327146
Algeria,2008,0.32009184
Algeria,2009,0.35461128
Algeria,2010,0.34599248
Algeria,2011,0.3268194
Algeria,2012,0.3072137
Algeria,2013,0.29277292
Algeria,2014,0.26764604
Algeria,2015,0.30788082
Algeria,2016,0.30744186
Algeria,2017,0.3079883
Algeria,2018,0.24733283
Algeria,2019,0.23888718
Algeria,2020,0.24170299
Angola,2000,5.6544375
Angola,2001,5.2809324
Angola,2002,5.0151086
Angola,2003,4.5066504
Angola,2004,3.7862306
Angola,2005,3.516831
Angola,2006,3.257365
Angola,2007,2.9876409
Angola,2008,2.8371136
Angola,2009,2.5954783
Angola,2010,2.4001677
Angola,2011,2.0843122
Angola,2012,1.9025501
Angola,2013,1.8280373
Angola,2014,1.8353568
Angola,2015,1.6345522
Angola,2016,1.6134744
Angola,2017,1.5153875
Angola,2018,1.4014266
Angola,2019,1.2933875
Angola,2020,1.2638768
Antigua and Barbuda,2000,0.12397511
Antigua and Barbuda,2001,0.11408216
Antigua and Barbuda,2002,0.085683
Antigua and Barbuda,2003,0.09147415
Antigua and Barbuda,2004,0.089949735
Antigua and Barbuda,2005,0.058856364
Antigua and Barbuda,2006,0.060366593
Antigua and Barbuda,2007,0.058382664
Antigua and Barbuda,2008,0.08168796
Antigua and Barbuda,2009,0.076552734
Antigua and Barbuda,2010,0.053367957
Antigua and Barbuda,2011,0.054196868
Antigua and Barbuda,2012,0.052416917
Antigua and Barbuda,2013,0.049992938
Antigua and Barbuda,2014,0.031530146
Antigua and Barbuda,2015,0.04716008
Antigua and Barbuda,2016,0.029521363
Antigua and Barbuda,2017,0.029342752
Antigua and Barbuda,2018,0.026219772
Antigua and Barbuda,2019,0.026288465
Antigua and Barbuda,2020,0.03692264
Argentina,2000,0.1970775
Argentina,2001,0.19896184
Argentina,2002,0.19582672
Argentina,2003,0.21686019
Argentina,2004,0.2024157
Argentina,2005,0.15158257
Argentina,2006,0.14861912
Argentina,2007,0.15127693
Argentina,2008,0.14387372
Argentina,2009,0.1368668
Argentina,2010,0.13336481
Argentina,2011,0.121706896
Argentina,2012,0.10913555
Argentina,2013,0.105080925
Argentina,2014,0.1012697
Argentina,2015,0.09540944
Argentina,2016,0.09762022
Argentina,2017,0.09278312
Argentina,2018,0.07061521
Argentina,2019,0.067854896
Argentina,2020,0.093145944
Armenia,2000,0.06929465
Armenia,2001,0.06851176
Armenia,2002,0.06642007
Armenia,2003,0.058964405
Armenia,2004,0.05752891
Armenia,2005,0.052307524
Armenia,2006,0.055293586
Armenia,2007,0.04969549
Armenia,2008,0.046475988
Armenia,2009,0.05790516
Armenia,2010,0.05761121
Armenia,2011,0.05457883
Armenia,2012,0.050534487
Armenia,2013,0.047209214
Armenia,2014,0.057987854
Armenia,2015,0.04361162
Armenia,2016,0.041493747
Armenia,2017,0.043464888
Armenia,2018,0.043651726
Armenia,2019,0.04338071
Armenia,2020,0.047228172
Australia,2000,0.011611343
Australia,2001,0.01037102
Australia,2002,0.009670822
Australia,2003,0.00957605
Australia,2004,0.008888535
Australia,2005,0.007987841
Australia,2006,0.007933921
Australia,2007,0.0106482515
Australia,2008,0.010200295
Australia,2009,0.0112244
Australia,2010,0.011374735
Australia,2011,0.012386188
Australia,2012,0.012226046
Australia,2013,0.012508729
Australia,2014,0.009373903
Australia,2015,0.009120632
Australia,2016,0.009001508
Australia,2017,0.008300868
Australia,2018,0.00769872
Australia,2019,0.008842366
Australia,2020,0.0051322957
Austria,2000,0.008833923
Austria,2001,0.008675623
Austria,2002,0.008418003
Austria,2003,0.008615915
Austria,2004,0.0076310486
Austria,2005,0.008135703
Austria,2006,0.0077127363
Austria,2007,0.008009282
Austria,2008,0.00768911
Austria,2009,0.008322417
Austria,2010,0.008287154
Austria,2011,0.008408379
Austria,2012,0.007996824
Austria,2013,0.00799312
Austria,2014,0.008235249
Austria,2015,0.007898973
Austria,2016,0.007432265
Austria,2017,0.007167981
Austria,2018,0.008113933
Austria,2019,0.0076560294
Austria,2020,0.007284286
Azerbaijan,2000,0.11434211
Azerbaijan,2001,0.113654904
Azerbaijan,2002,0.11133434
Azerbaijan,2003,0.10504267
Azerbaijan,2004,0.09654963
Azerbaijan,2005,0.09051774
Azerbaijan,2006,0.07999232
Azerbaijan,2007,0.07104293
Azerbaijan,2008,0.06767164
Azerbaijan,2009,0.08032708
Azerbaijan,2010,0.07905489
Azerbaijan,2011,0.07410829
Azerbaijan,2012,0.07084471
Azerbaijan,2013,0.068529546
Azerbaijan,2014,0.069904424
Azerbaijan,2015,0.07091131
Azerbaijan,2016,0.053885296
Azerbaijan,2017,0.04640068
Azerbaijan,2018,0.047636356
Azerbaijan,2019,0.046381913
Azerbaijan,2020,0.06987551
Bahamas,2000,0.124304935
Bahamas,2001,0.12904105
Bahamas,2002,0.13461214
Bahamas,2003,0.14040262
Bahamas,2004,0.1483276
Bahamas,2005,0.1514019
Bahamas,2006,0.13525091
Bahamas,2007,0.1465642
Bahamas,2008,0.17663628
Bahamas,2009,0.1825642
Bahamas,2010,0.134824
Bahamas,2011,0.17182255
Bahamas,2012,0.17323558
Bahamas,2013,0.11255346
Bahamas,2014,0.1660978
Bahamas,2015,0.11562071
Bahamas,2016,0.108769946
Bahamas,2017,0.10613376
Bahamas,2018,0.105839066
Bahamas,2019,0.11141169
Bahamas,2020,0.105924964
Bahrain,2000,0.07579749
Bahrain,2001,0.06310648
Bahrain,2002,0.07884719
Bahrain,2003,0.07826935
Bahrain,2004,0.060379
Bahrain,2005,0.058768608
Bahrain,2006,0.05819741
Bahrain,2007,0.042841706
Bahrain,2008,0.044419426
Bahrain,2009,0.04401426
Bahrain,2010,0.048235066
Bahrain,2011,0.04715503
Bahrain,2012,0.044216458
Bahrain,2013,0.03936557
Bahrain,2014,0.036962215
Bahrain,2015,0.038372483
Bahrain,2016,0.036738213
Bahrain,2017,0.03751088
Bahrain,2018,0.028719079
Bahrain,2019,0.030307729
Bahrain,2020,0.033223614
Bangladesh,2000,1.6364212
Bangladesh,2001,1.6223092
Bangladesh,2002,1.5397168
Bangladesh,2003,1.5040557
Bangladesh,2004,1.2599928
Bangladesh,2005,1.2746156
Bangladesh,2006,1.0756496
Bangladesh,2007,1.1480185
Bangladesh,2008,1.1221278
Bangladesh,2009,0.91611636
Bangladesh,2010,0.8187746
Bangladesh,2011,0.820322
Bangladesh,2012,0.56571287
Bangladesh,2013,0.5233361
Bangladesh,2014,0.5239405
Bangladesh,2015,0.50646144
Bangladesh,2016,0.46992075
Bangladesh,2017,0.43987462
Bangladesh,2018,0.41313845
Bangladesh,2019,0.37771803
Bangladesh,2020,0.2541524
Barbados,2000,0.08332491
Barbados,2001,0.08349896
Barbados,2002,0.08043499
Barbados,2003,0.077535585
Barbados,2004,0.07355044
Barbados,2005,0.07338278
Barbados,2006,0.07246699
Barbados,2007,0.06849249
Barbados,2008,0.09320169
Barbados,2009,0.09058874
Barbados,2010,0.09174435
Barbados,2011,0.09056964
Barbados,2012,0.089885324
Barbados,2013,0.087161615
Barbados,2014,0.0851334
Barbados,2015,0.08407555
Barbados,2016,0.08255275
Barbados,2017,0.08169309
Barbados,2018,0.081275724
Barbados,2019,0.080476604
Barbados,2020,0.05401326
Belarus,2000,0.03352264
Belarus,2001,0.03163109
Belarus,2002,0.017172901
Belarus,2003,0.014002381
Belarus,2004,0.011175807
Belarus,2005,0.014869056
Belarus,2006,0.011149713
Belarus,2007,0.007955094
Belarus,2008,0.0059724366
Belarus,2009,0.0044813454
Belarus,2010,0.0037528707
Belarus,2011,0.0044208593
Belarus,2012,0.0033958307
Belarus,2013,0.0028983797
Belarus,2014,0.0025240914
Belarus,2015,0.00228056
Belarus,2016,0.0021511007
Belarus,2017,0.0022812912
Belarus,2018,0.0015451331
Belarus,2019,0.0015043021
Belarus,2020,0.0015309864
Belgium,2000,0.01432759
Belgium,2001,0.013896546
Belgium,2002,0.013591275
Belgium,2003,0.012853585
Belgium,2004,0.012050207
Belgium,2005,0.011732763
Belgium,2006,0.011138204
Belgium,2007,0.011622719
Belgium,2008,0.010747836
Belgium,2009,0.010631101
Belgium,2010,0.010294858
Belgium,2011,0.01007281
Belgium,2012,0.009147799
Belgium,2013,0.00964447
Belgium,2014,0.009146677
Belgium,2015,0.00905082
Belgium,2016,0.008585116
Belgium,2017,0.008546713
Belgium,2018,0.008540385
Belgium,2019,0.00801239
Belgium,2020,0.008278927
Belize,2000,0.3499806
Belize,2001,0.35055026
Belize,2002,0.28461823
Belize,2003,0.29060507
Belize,2004,0.29805773
Belize,2005,0.24495332
Belize,2006,0.2200008
Belize,2007,0.1927573
Belize,2008,0.14062916
Belize,2009,0.120904855
Belize,2010,0.08995655
Belize,2011,0.10357036
Belize,2012,0.07762969
Belize,2013,0.086928606
Belize,2014,0.10614063
Belize,2015,0.13598365
Belize,2016,0.16395366
Belize,2017,0.19900241
Belize,2018,0.21702588
Belize,2019,0.20833898
Belize,2020,0.26701424
Benin,2000,2.7659287
Benin,2001,2.8421295
Benin,2002,2.9610262
Benin,2003,2.9558072
Benin,2004,3.0390482
Benin,2005,2.9816685
Benin,2006,2.948263
Benin,2007,2.702088
Benin,2008,2.7921743
Benin,2009,3.2314343
Benin,2010,3.316286
Benin,2011,3.4097028
Benin,2012,3.4592469
Benin,2013,3.3722095
Benin,2014,3.39022
Benin,2015,3.2814586
Benin,2016,3.276024
Benin,2017,3.1654732
Benin,2018,2.8397377
Benin,2019,2.7380242
Benin,2020,2.7453375
Bhutan,2000,1.1164943
Bhutan,2001,0.8595439
Bhutan,2002,0.85731155
Bhutan,2003,0.6717636
Bhutan,2004,0.59566045
Bhutan,2005,0.5642867
Bhutan,2006,0.5573865
Bhutan,2007,0.41521457
Bhutan,2008,0.38215205
Bhutan,2009,0.35204053
Bhutan,2010,0.317645
Bhutan,2011,0.22526005
Bhutan,2012,0.21897231
Bhutan,2013,0.2015668
Bhutan,2014,0.18774046
Bhutan,2015,0.17672695
Bhutan,2016,0.13653024
Bhutan,2017,0.14083798
Bhutan,2018,0.098430224
Bhutan,2019,0.10587424
Bhutan,2020,0.1030866
Bolivia,2000,1.2438601
Bolivia,2001,1.0578452
Bolivia,2002,1.0266486
Bolivia,2003,1.0196261
Bolivia,2004,0.87667245
Bolivia,2005,0.85713404
Bolivia,2006,0.8146604
Bolivia,2007,0.8195005
Bolivia,2008,0.78753453
Bolivia,2009,0.6353952
Bolivia,2010,0.6264772
Bolivia,2011,0.6067034
Bolivia,2012,0.6092062
Bolivia,2013,0.5954231
Bolivia,2014,0.5012707
Bolivia,2015,0.5059555
Bolivia,2016,0.49427953
Bolivia,2017,0.5042011
Bolivia,2018,0.5266948
Bolivia,2019,0.5399461
Bolivia,2020,0.43828586
Bosnia and Herzegovina,2000,0.021665154
Bosnia and Herzegovina,2001,0.019857576
Bosnia and Herzegovina,2002,0.020893224
Bosnia and Herzegovina,2003,0.017027427
Bosnia and Herzegovina,2004,0.015770808
Bosnia and Herzegovina,2005,0.015955305
Bosnia and Herzegovina,2006,0.014009241
Bosnia and Herzegovina,2007,0.012742246
Bosnia and Herzegovina,2008,0.011433386
Bosnia and Herzegovina,2009,0.010512206
Bosnia and Herzegovina,2010,0.010718395
Bosnia and Herzegovina,2011,0.010892141
Bosnia and Herzegovina,2012,0.009624723
Bosnia and Herzegovina,2013,0.010531494
Bosnia and Herzegovina,2014,0.011565312
Bosnia and Herzegovina,2015,0.01031639
Bosnia and Herzegovina,2016,0.008962892
Bosnia and Herzegovina,2017,0.008274596
Bosnia and Herzegovina,2018,0.0077386964
Bosnia and Herzegovina,2019,0.0075258478
Bosnia and Herzegovina,2020,0.007909972
Botswana,2000,0.6014613
Botswana,2001,0.6061859
Botswana,2002,0.52120644
Botswana,2003,0.55317885
Botswana,2004,0.59119517
Botswana,2005,0.61293447
Botswana,2006,0.65198034
Botswana,2007,0.66980386
Botswana,2008,0.69846857
Botswana,2009,0.59115064
Botswana,2010,0.5040265
Botswana,2011,0.7361652
Botswana,2012,0.84867966
Botswana,2013,0.46873915
Botswana,2014,0.5927632
Botswana,2015,0.61360157
Botswana,2016,0.45235005
Botswana,2017,0.32846463
Botswana,2018,0.48975828
Botswana,2019,0.3566229
Botswana,2020,0.56536627
Brazil,2000,0.1637305
Brazil,2001,0.1627634
Brazil,2002,0.17351523
Brazil,2003,0.14153178
Brazil,2004,0.14359048
Brazil,2005,0.14413196
Brazil,2006,0.14700595
Brazil,2007,0.14852068
Brazil,2008,0.14543381
Brazil,2009,0.14022142
Brazil,2010,0.13189028
Brazil,2011,0.12797013
Brazil,2012,0.097977854
Brazil,2013,0.10491706
Brazil,2014,0.10742648
Brazil,2015,0.107288234
Brazil,2016,0.108284146
Brazil,2017,0.1031334
Brazil,2018,0.10229333
Brazil,2019,0.10502853
Brazil,2020,0.12442604
Brunei,2000,0.11929038
Brunei,2001,0.12141473
Brunei,2002,0.12350275
Brunei,2003,0.095250614
Brunei,2004,0.09534585
Brunei,2005,0.09503325
Brunei,2006,0.09580527
Brunei,2007,0.098871075
Brunei,2008,0.10013813
Brunei,2009,0.086766936
Brunei,2010,0.08647741
Brunei,2011,0.087556
Brunei,2012,0.08823258
Brunei,2013,0.089791566
Brunei,2014,0.090714306
Brunei,2015,0.09264722
Brunei,2016,0.09295715
Brunei,2017,0.094085015
Brunei,2018,0.092974275
Brunei,2019,0.07761725
Brunei,2020,0.07632462
Bulgaria,2000,0.030300597
Bulgaria,2001,0.02901901
Bulgaria,2002,0.025668621
Bulgaria,2003,0.023112426
Bulgaria,2004,0.020926235
Bulgaria,2005,0.018979814
Bulgaria,2006,0.016363561
Bulgaria,2007,0.0143728
Bulgaria,2008,0.012653573
Bulgaria,2009,0.017201858
Bulgaria,2010,0.017815674
Bulgaria,2011,0.011416981
Bulgaria,2012,0.010468914
Bulgaria,2013,0.010267249
Bulgaria,2014,0.01033632
Bulgaria,2015,0.010396167
Bulgaria,2016,0.009926712
Bulgaria,2017,0.009749453
Bulgaria,2018,0.009935987
Bulgaria,2019,0.009332954
Bulgaria,2020,0.009826828
Burkina Faso,2000,3.2319791
Burkina Faso,2001,3.1923256
Burkina Faso,2002,3.1719708
Burkina Faso,2003,2.7718623
Burkina Faso,2004,2.6671915
Burkina Faso,2005,2.5457408
Burkina Faso,2006,2.481614
Burkina Faso,2007,2.4517887
Burkina Faso,2008,2.3050869
Burkina Faso,2009,2.269527
Burkina Faso,2010,2.2058773
Burkina Faso,2011,2.1071787
Burkina Faso,2012,1.8841561
Burkina Faso,2013,1.9037445
Burkina Faso,2014,1.8445469
Burkina Faso,2015,1.6416386
Burkina Faso,2016,1.6354743
Burkina Faso,2017,1.4875798
Burkina Faso,2018,1.4566104
Burkina Faso,2019,1.4911125
Burkina Faso,2020,1.3050408
Burundi,2000,5.131933
Burundi,2001,4.8602395
Burundi,2002,4.630751
Burundi,2003,4.8878927
Burundi,2004,4.6599336
Burundi,2005,4.514462
Burundi,2006,4.4166493
Burundi,2007,4.3028946
Burundi,2008,4.0346036
Burundi,2009,3.9641416
Burundi,2010,3.9009929
Burundi,2011,3.5155954
Burundi,2012,3.4557917
Burundi,2013,3.4111483
Burundi,2014,3.0762064
Burundi,2015,3.016256
Burundi,2016,2.8187256
Burundi,2017,2.7781494
Burundi,2018,2.8835375
Burundi,2019,2.5220063
Burundi,2020,2.603857
Cambodia,2000,2.1818483
Cambodia,2001,2.0774422
Cambodia,2002,1.6413836
Cambodia,2003,1.5388498
Cambodia,2004,1.4859246
Cambodia,2005,1.145058
Cambodia,2006,1.0511917
Cambodia,2007,0.98559934
Cambodia,2008,0.93227905
Cambodia,2009,0.83932304
Cambodia,2010,0.8386714
Cambodia,2011,0.76607215
Cambodia,2012,0.7504446
Cambodia,2013,0.6996516
Cambodia,2014,0.6952254
Cambodia,2015,0.5680113
Cambodia,2016,0.53636724
Cambodia,2017,0.55456126
Cambodia,2018,0.56948125
Cambodia,2019,0.58305305
Cambodia,2020,0.59336126
Cameroon,2000,3.7286181
Cameroon,2001,3.605679
Cameroon,2002,3.4964929
Cameroon,2003,3.2964773
Cameroon,2004,3.1922743
Cameroon,2005,3.288315
Cameroon,2006,3.212482
Cameroon,2007,2.876309
Cameroon,2008,2.9017558
Cameroon,2009,2.9172564
Cameroon,2010,2.8871987
Cameroon,2011,2.8489914
Cameroon,2012,2.526486
Cameroon,2013,2.5540583
Cameroon,2014,2.4921808
Cameroon,2015,2.3418412
Cameroon,2016,2.2946281
Cameroon,2017,2.3304791
Cameroon,2018,2.0978813
Cameroon,2019,2.1775382
Cameroon,2020,2.174195
Canada,2000,0.012918845
Canada,2001,0.013642156
Canada,2002,0.014417182
Canada,2003,0.014716906
Canada,2004,0.014812927
Canada,2005,0.015741093
Canada,2006,0.01524436
Canada,2007,0.014673882
Canada,2008,0.022188703
Canada,2009,0.021910295
Canada,2010,0.02074954
Canada,2011,0.020614503
Canada,2012,0.020550275
Canada,2013,0.019951385
Canada,2014,0.020298729
Canada,2015,0.020261385
Canada,2016,0.021756813
Canada,2017,0.021848164
Canada,2018,0.01528187
Canada,2019,0.015503529
Canada,2020,0.015309249
Cape Verde,2000,0.5119628
Cape Verde,2001,0.3888742
Cape Verde,2002,0.3610243
Cape Verde,2003,0.28074515
Cape Verde,2004,0.25322086
Cape Verde,2005,0.26459944
Cape Verde,2006,0.22487879
Cape Verde,2007,0.20504765
Cape Verde,2008,0.2147096
Cape Verde,2009,0.17947035
Cape Verde,2010,0.14899966
Cape Verde,2011,0.13730185
Cape Verde,2012,0.14829433
Cape Verde,2013,0.10286725
Cape Verde,2014,0.102808915
Cape Verde,2015,0.11259866
Cape Verde,2016,0.10220138
Cape Verde,2017,0.096146055
Cape Verde,2018,0.11643203
Cape Verde,2019,0.08751524
Cape Verde,2020,0.087857306
Central African Republic,2000,7.446996
Central African Republic,2001,6.8630447
Central African Republic,2002,6.839861
Central African Republic,2003,6.6669655
Central African Republic,2004,6.515893
Central African Republic,2005,6.2207136
Central African Republic,2006,6.025427
Central African Republic,2007,6.4401693
Central African Republic,2008,6.3843575
Central African Republic,2009,6.399178
Central African Republic,2010,6.1228604
Central African Republic,2011,6.0145535
Central African Republic,2012,5.6670194
Central African Republic,2013,5.6922817
Central African Republic,2014,5.569678
Central African Republic,2015,5.43842
Central African Republic,2016,5.2748313
Central African Republic,2017,5.7440953
Central African Republic,2018,5.5304413
Central African Republic,2019,5.4097714
Central African Republic,2020,5.349289
Chad,2000,10.161483
Chad,2001,9.998529
Chad,2002,9.197639
Chad,2003,8.946984
Chad,2004,8.760622
Chad,2005,8.83481
Chad,2006,8.933441
Chad,2007,9.021125
Chad,2008,8.501227
Chad,2009,8.943842
Chad,2010,8.904376
Chad,2011,8.792958
Chad,2012,8.49081
Chad,2013,8.364498
Chad,2014,7.504659
Chad,2015,7.412362
Chad,2016,7.542188
Chad,2017,6.8748384
Chad,2018,6.7764077
Chad,2019,6.6129065
Chad,2020,6.715801
Chile,2000,0.06776355
Chile,2001,0.07079092
Chile,2002,0.06573598
Chile,2003,0.067079194
Chile,2004,0.0499024
Chile,2005,0.047332928
Chile,2006,0.050479554
Chile,2007,0.04938939
Chile,2008,0.044453926
Chile,2009,0.04182471
Chile,2010,0.040505946
Chile,2011,0.034976404
Chile,2012,0.032927662
Chile,2013,0.031210234
Chile,2014,0.027935633
Chile,2015,0.02813887
Chile,2016,0.026071424
Chile,2017,0.025591215
Chile,2018,0.026272584
Chile,2019,0.0253461
Chile,2020,0.026083222
China,2000,0.09999617
China,2001,0.09539259
China,2002,0.09285694
China,2003,0.059852235
China,2004,0.08421209
China,2005,0.07874304
China,2006,0.073516935
China,2007,0.06794816
China,2008,0.06592986
China,2009,0.058875322
China,2010,0.05745711
China,2011,0.055676285
China,2012,0.049226664
China,2013,0.048983533
China,2014,0.04471077
China,2015,0.044997383
China,2016,0.040386662
China,2017,0.037900165
China,2018,0.028227905
China,2019,0.028290778
China,2020,0.031976324
Colombia,2000,0.2545923
Colombia,2001,0.25876316
Colombia,2002,0.25614196
Colombia,2003,0.19904694
Colombia,2004,0.19843726
Colombia,2005,0.1971675
Colombia,2006,0.19709754
Colombia,2007,0.20046286
Colombia,2008,0.15083267
Colombia,2009,0.14767253
Colombia,2010,0.14611784
Colombia,2011,0.14623113
Colombia,2012,0.14625071
Colombia,2013,0.14568871
Colombia,2014,0.14482224
Colombia,2015,0.14510512
Colombia,2016,0.14527571
Colombia,2017,0.14808927
Colombia,2018,0.10906059
Colombia,2019,0.112972766
Colombia,2020,0.12894256
Comoros,2000,2.3984225
Comoros,2001,2.2943752
Comoros,2002,1.9388525
Comoros,2003,1.9063623
Comoros,2004,1.8578677
Comoros,2005,1.7889715
Comoros,2006,1.8115242
Comoros,2007,1.7826036
Comoros,2008,1.7951769
Comoros,2009,1.4492242
Comoros,2010,1.4728823
Comoros,2011,1.3667539
Comoros,2012,1.3873249
Comoros,2013,1.3330542
Comoros,2014,1.3672403
Comoros,2015,1.1378547
Comoros,2016,1.113231
Comoros,2017,1.0531635
Comoros,2018,1.0663086
Comoros,2019,0.95579934
Comoros,2020,0.8804325
Congo,2000,3.0954595
Congo,2001,3.0222092
Congo,2002,2.9329245
Congo,2003,2.7926867
Congo,2004,2.5884905
Congo,2005,2.3497808
Congo,2006,2.3151314
Congo,2007,2.1334527
Congo,2008,2.0233831
Congo,2009,2.0336154
Congo,2010,1.916434
Congo,2011,1.91048
Congo,2012,1.9877436
Congo,2013,1.7946866
Congo,2014,1.8636141
Congo,2015,1.6698713
Congo,2016,1.6395875
Congo,2017,1.7012712
Congo,2018,1.7215363
Congo,2019,1.2543179
Congo,2020,1.2239609
Costa Rica,2000,0.10669565
Costa Rica,2001,0.08999083
Costa Rica,2002,0.08847453
Costa Rica,2003,0.08960286
Costa Rica,2004,0.06622693
Costa Rica,2005,0.06356271
Costa Rica,2006,0.06132457
Costa Rica,2007,0.058889993
Costa Rica,2008,0.05649535
Costa Rica,2009,0.05485477
Costa Rica,2010,0.0553739
Costa Rica,2011,0.05056805
Costa Rica,2012,0.05037243
Costa Rica,2013,0.048610672
Costa Rica,2014,0.050537977
Costa Rica,2015,0.034234878
Costa Rica,2016,0.03230456
Costa Rica,2017,0.032555625
Costa Rica,2018,0.031299397
Costa Rica,2019,0.032529917
Costa Rica,2020,0.038226206
Cote d'Ivoire,2000,2.805111
Cote d'Ivoire,2001,2.9217882
Cote d'Ivoire,2002,3.058006
Cote d'Ivoire,2003,3.1702373
Cote d'Ivoire,2004,2.9844973
Cote d'Ivoire,2005,3.0170693
Cote d'Ivoire,2006,3.2633352
Cote d'Ivoire,2007,3.124458
Cote d'Ivoire,2008,3.1373253
Cote d'Ivoire,2009,3.3194404
Cote d'Ivoire,2010,3.0588825
Cote d'Ivoire,2011,3.0023823
Cote d'Ivoire,2012,3.0454547
Cote d'Ivoire,2013,2.964333
Cote d'Ivoire,2014,2.6434798
Cote d'Ivoire,2015,2.5561218
Cote d'Ivoire,2016,2.592414
Cote d'Ivoire,2017,2.4824975
Cote d'Ivoire,2018,2.534229
Cote d'Ivoire,2019,2.1931732
Cote d'Ivoire,2020,2.1857119
Croatia,2000,0.015139625
Croatia,2001,0.0146295475
Croatia,2002,0.0150497295
Croatia,2003,0.015076065
Croatia,2004,0.013515275
Croatia,2005,0.01283089
Croatia,2006,0.012183818
Croatia,2007,0.012057707
Croatia,2008,0.011107586
Croatia,2009,0.01566951
Croatia,2010,0.0100761065
Croatia,2011,0.009821677
Croatia,2012,0.00895061
Croatia,2013,0.008484239
Croatia,2014,0.008210545
Croatia,2015,0.008566352
Croatia,2016,0.007450064
Croatia,2017,0.007468815
Croatia,2018,0.0068209902
Croatia,2019,0.006323108
Croatia,2020,0.0067177666
Cuba,2000,0.0811736
Cuba,2001,0.08043102
Cuba,2002,0.07846787
Cuba,2003,0.05346306
Cuba,2004,0.057067934
Cuba,2005,0.06021317
Cuba,2006,0.063611634
Cuba,2007,0.06259779
Cuba,2008,0.058390055
Cuba,2009,0.055886984
Cuba,2010,0.056946523
Cuba,2011,0.054905266
Cuba,2012,0.057064824
Cuba,2013,0.056589317
Cuba,2014,0.05662576
Cuba,2015,0.054310944
Cuba,2016,0.056463942
Cuba,2017,0.055689212
Cuba,2018,0.053531583
Cuba,2019,0.055866815
Cuba,2020,0.054448664
Cyprus,2000,0.057525616
Cyprus,2001,0.05643091
Cyprus,2002,0.059344932
Cyprus,2003,0.054285724
Cyprus,2004,0.05566449
Cyprus,2005,0.037998807
Cyprus,2006,0.053262185
Cyprus,2007,0.036063183
Cyprus,2008,0.037471764
Cyprus,2009,0.05295786
Cyprus,2010,0.037323125
Cyprus,2011,0.04285896
Cyprus,2012,0.04444202
Cyprus,2013,0.050644383
Cyprus,2014,0.054491434
Cyprus,2015,0.059133563
Cyprus,2016,0.059007946
Cyprus,2017,0.06890039
Cyprus,2018,0.08166005
Cyprus,2019,0.08906877
Cyprus,2020,0.095438525
Czechia,2000,0.011144828
Czechia,2001,0.010592593
Czechia,2002,0.009482563
Czechia,2003,0.009027708
Czechia,2004,0.007960579
Czechia,2005,0.0073325993
Czechia,2006,0.0065356586
Czechia,2007,0.008407458
Czechia,2008,0.008026199
Czechia,2009,0.007921668
Czechia,2010,0.0074075228
Czechia,2011,0.005194606
Czechia,2012,0.0049882303
Czechia,2013,0.004658606
Czechia,2014,0.0042826
Czechia,2015,0.006091804
Czechia,2016,0.006082033
Czechia,2017,0.0054667355
Czechia,2018,0.0055398555
Czechia,2019,0.005800081
Czechia,2020,0.005871292
Democratic Republic of Congo,2000,4.267392
Democratic Republic of Congo,2001,4.222881
Democratic Republic of Congo,2002,4.231089
Democratic Republic of Congo,2003,4.181921
Democratic Republic of Congo,2004,4.1130466
Democratic Republic of Congo,2005,4.063974
Democratic Republic of Congo,2006,3.9698956
Democratic Republic of Congo,2007,4.0331273
Democratic Republic of Congo,2008,3.9890869
Democratic Republic of Congo,2009,3.8873475
Democratic Republic of Congo,2010,3.8841574
Democratic Republic of Congo,2011,3.7883208
Democratic Republic of Congo,2012,3.853021
Democratic Republic of Congo,2013,3.7943037
Democratic Republic of Congo,2014,3.7310407
Democratic Republic of Congo,2015,3.7611725
Democratic Republic of Congo,2016,3.6682613
Democratic Republic of Congo,2017,3.7230783
Democratic Republic of Congo,2018,3.3807342
Democratic Republic of Congo,2019,3.3705742
Democratic Republic of Congo,2020,3.415272
Denmark,2000,0.013941615
Denmark,2001,0.014243811
Denmark,2002,0.014251174
Denmark,2003,0.0133050885
Denmark,2004,0.012896223
Denmark,2005,0.011994911
Denmark,2006,0.011523902
Denmark,2007,0.012252304
Denmark,2008,0.011854053
Denmark,2009,0.011848625
Denmark,2010,0.011349882
Denmark,2011,0.011583047
Denmark,2012,0.010991975
Denmark,2013,0.0071384474
Denmark,2014,0.007115232
Denmark,2015,0.009757797
Denmark,2016,0.009532859
Denmark,2017,0.008709114
Denmark,2018,0.008732566
Denmark,2019,0.007873168
Denmark,2020,0.008111465
Djibouti,2000,2.1408646
Djibouti,2001,2.0380967
Djibouti,2002,1.9015914
Djibouti,2003,1.8490181
Djibouti,2004,1.525964
Djibouti,2005,1.4330851
Djibouti,2006,1.1500901
Djibouti,2007,1.1634876
Djibouti,2008,1.1551179
Djibouti,2009,0.9587652
Djibouti,2010,0.89559054
Djibouti,2011,0.87885576
Djibouti,2012,0.84469813
Djibouti,2013,0.7263189
Djibouti,2014,0.6992396
Djibouti,2015,0.7253303
Djibouti,2016,0.7461737
Djibouti,2017,0.7368181
Djibouti,2018,0.76658076
Djibouti,2019,0.64704794
Djibouti,2020,0.6242389
Dominican Republic,2000,0.268844
Dominican Republic,2001,0.20970729
Dominican Republic,2002,0.21506013
Dominican Republic,2003,0.22780193
Dominican Republic,2004,0.24910882
Dominican Republic,2005,0.26539814
Dominican Republic,2006,0.23172262
Dominican Republic,2007,0.24434601
Dominican Republic,2008,0.25314835
Dominican Republic,2009,0.2559817
Dominican Republic,2010,0.2520149
Dominican Republic,2011,0.25558358
Dominican Republic,2012,0.25053045
Dominican Republic,2013,0.25690764
Dominican Republic,2014,0.26356053
Dominican Republic,2015,0.27168328
Dominican Republic,2016,0.2803352
Dominican Republic,2017,0.287298
Dominican Republic,2018,0.30072847
Dominican Republic,2019,0.24780947
Dominican Republic,2020,0.25860018
East Asia and Pacific (WB),2000,0.2327288
East Asia and Pacific (WB),2001,0.22515923
East Asia and Pacific (WB),2002,0.21916564
East Asia and Pacific (WB),2003,0.1724618
East Asia and Pacific (WB),2004,0.20624535
East Asia and Pacific (WB),2005,0.19932939
East Asia and Pacific (WB),2006,0.18927701
East Asia and Pacific (WB),2007,0.18199481
East Asia and Pacific (WB),2008,0.17449853
East Asia and Pacific (WB),2009,0.1640703
East Asia and Pacific (WB),2010,0.1547282
East Asia and Pacific (WB),2011,0.16196655
East Asia and Pacific (WB),2012,0.14233634
East Asia and Pacific (WB),2013,0.13863508
East Asia and Pacific (WB),2014,0.13139008
East Asia and Pacific (WB),2015,0.13426724
East Asia and Pacific (WB),2016,0.12895818
East Asia and Pacific (WB),2017,0.12745543
East Asia and Pacific (WB),2018,0.11440949
East Asia and Pacific (WB),2019,0.1085375
East Asia and Pacific (WB),2020,0.11863683
East Timor,2000,4.1800094
East Timor,2001,4.116612
East Timor,2002,3.84384
East Timor,2003,3.6575904
East Timor,2004,3.5245776
East Timor,2005,3.111518
East Timor,2006,2.9255292
East Timor,2007,2.4402885
East Timor,2008,2.2702062
East Timor,2009,2.0992093
East Timor,2010,1.774641
East Timor,2011,1.6915964
East Timor,2012,1.4156744
East Timor,2013,1.3598017
East Timor,2014,1.1501756
East Timor,2015,1.161502
East Timor,2016,0.980398
East Timor,2017,0.95775425
East Timor,2018,0.93356085
East Timor,2019,0.7610677
East Timor,2020,0.6963122
Ecuador,2000,0.41132432
Ecuador,2001,0.39780813
Ecuador,2002,0.38228726
Ecuador,2003,0.30155942
Ecuador,2004,0.29103443
Ecuador,2005,0.28501743
Ecuador,2006,0.2788225
Ecuador,2007,0.2735002
Ecuador,2008,0.27089083
Ecuador,2009,0.26631877
Ecuador,2010,0.20954016
Ecuador,2011,0.2010934
Ecuador,2012,0.19758378
Ecuador,2013,0.19711915
Ecuador,2014,0.15617423
Ecuador,2015,0.15909903
Ecuador,2016,0.16858837
Ecuador,2017,0.16613644
Ecuador,2018,0.1722509
Ecuador,2019,0.17819826
Ecuador,2020,0.13581765
Egypt,2000,0.29903552
Egypt,2001,0.28517038
Egypt,2002,0.2735344
Egypt,2003,0.22539973
Egypt,2004,0.21485172
Egypt,2005,0.19812879
Egypt,2006,0.18179923
Egypt,2007,0.1649014
Egypt,2008,0.15072058
Egypt,2009,0.13788263
Egypt,2010,0.14481817
Egypt,2011,0.13067186
Egypt,2012,0.11767085
Egypt,2013,0.10710802
Egypt,2014,0.09604592
Egypt,2015,0.091083534
Egypt,2016,0.07354769
Egypt,2017,0.06779525
Egypt,2018,0.06604009
Egypt,2019,0.05542501
Egypt,2020,0.052523684
El Salvador,2000,0.18305767
El Salvador,2001,0.16155627
El Salvador,2002,0.11937322
El Salvador,2003,0.120075665
El Salvador,2004,0.09482907
El Salvador,2005,0.09659929
El Salvador,2006,0.09773622
El Salvador,2007,0.100728534
El Salvador,2008,0.08138676
El Salvador,2009,0.08498814
El Salvador,2010,0.08577737
El Salvador,2011,0.087783344
El Salvador,2012,0.090472534
El Salvador,2013,0.09443381
El Salvador,2014,0.09973774
El Salvador,2015,0.106525175
El Salvador,2016,0.08713139
El Salvador,2017,0.09195068
El Salvador,2018,0.09201774
El Salvador,2019,0.08027301
El Salvador,2020,0.08831127
Equatorial Guinea,2000,2.479988
Equatorial Guinea,2001,2.2694046
Equatorial Guinea,2002,2.0430217
Equatorial Guinea,2003,1.8531779
Equatorial Guinea,2004,1.6694887
Equatorial Guinea,2005,1.4278479
Equatorial Guinea,2006,1.3346927
Equatorial Guinea,2007,1.2970325
Equatorial Guinea,2008,1.2840555
Equatorial Guinea,2009,1.2829233
Equatorial Guinea,2010,1.1792793
Equatorial Guinea,2011,1.0876139
Equatorial Guinea,2012,0.9451676
Equatorial Guinea,2013,0.9899387
Equatorial Guinea,2014,1.0946022
Equatorial Guinea,2015,1.0664268
Equatorial Guinea,2016,0.9080512
Equatorial Guinea,2017,0.98261684
Equatorial Guinea,2018,1.0929115
Equatorial Guinea,2019,1.0095108
Equatorial Guinea,2020,0.99166155
Eritrea,2000,3.7685251
Eritrea,2001,3.376323
Eritrea,2002,3.3230066
Eritrea,2003,3.2116413
Eritrea,2004,2.8001528
Eritrea,2005,2.6701846
Eritrea,2006,2.5642798
Eritrea,2007,2.5627997
Eritrea,2008,2.6107543
Eritrea,2009,2.2232363
Eritrea,2010,2.2215357
Eritrea,2011,2.112089
Eritrea,2012,1.8230857
Eritrea,2013,1.817515
Eritrea,2014,1.7255203
Eritrea,2015,1.7312521
Eritrea,2016,1.6901819
Eritrea,2017,1.4404614
Eritrea,2018,1.3602464
Eritrea,2019,1.3358412
Eritrea,2020,1.2973845
Estonia,2000,0.034335084
Estonia,2001,0.030887187
Estonia,2002,0.02827932
Estonia,2003,0.025633132
Estonia,2004,0.020849347
Estonia,2005,0.018035518
Estonia,2006,0.015111006
Estonia,2007,0.019290052
Estonia,2008,0.017317865
Estonia,2009,0.015679516
Estonia,2010,0.014075698
Estonia,2011,0.013227543
Estonia,2012,0.013113665
Estonia,2013,0.012362829
Estonia,2014,0.011357227
Estonia,2015,0.010640495
Estonia,2016,0.010098974
Estonia,2017,0.009743604
Estonia,2018,0.009333639
Estonia,2019,0.008810182
Estonia,2020,0.009007695
Eswatini,2000,2.2565708
Eswatini,2001,2.273951
Eswatini,2002,2.0793953
Eswatini,2003,2.209031
Eswatini,2004,2.1821458
Eswatini,2005,2.2088554
Eswatini,2006,2.1326709
Eswatini,2007,2.206292
Eswatini,2008,2.3146865
Eswatini,2009,2.593416
Eswatini,2010,2.109345
Eswatini,2011,2.0010364
Eswatini,2012,1.945123
Eswatini,2013,1.6972618
Eswatini,2014,1.4411154
Eswatini,2015,1.1652479
Eswatini,2016,0.87717855
Eswatini,2017,0.7655854
Eswatini,2018,0.7124369
Eswatini,2019,0.7489399
Eswatini,2020,0.78929555
Ethiopia,2000,5.909965
Ethiopia,2001,5.9293
Ethiopia,2002,5.9775887
Ethiopia,2003,5.3887463
Ethiopia,2004,5.3722916
Ethiopia,2005,5.277052
Ethiopia,2006,4.6570005
Ethiopia,2007,4.501057
Ethiopia,2008,3.977046
Ethiopia,2009,3.78403
Ethiopia,2010,3.3186114
Ethiopia,2011,3.1685212
Ethiopia,2012,2.6866746
Ethiopia,2013,2.4769487
Ethiopia,2014,2.0774505
Ethiopia,2015,1.8613453
Ethiopia,2016,1.6656021
Ethiopia,2017,1.63105
Ethiopia,2018,1.4654586
Ethiopia,2019,1.383285
Ethiopia,2020,1.1666301
Europe and Central Asia (WB),2000,0.041281708
Europe and Central Asia (WB),2001,0.03804286
Europe and Central Asia (WB),2002,0.039175462
Europe and Central Asia (WB),2003,0.036738083
Europe and Central Asia (WB),2004,0.03383474
Europe and Central Asia (WB),2005,0.032660645
Europe and Central Asia (WB),2006,0.03050201
Europe and Central Asia (WB),2007,0.028961683
Europe and Central Asia (WB),2008,0.02773305
Europe and Central Asia (WB),2009,0.028637111
Europe and Central Asia (WB),2010,0.027609866
Europe and Central Asia (WB),2011,0.02603884
Europe and Central Asia (WB),2012,0.02499951
Europe and Central Asia (WB),2013,0.024072088
Europe and Central Asia (WB),2014,0.022687899
Europe and Central Asia (WB),2015,0.023198629
Europe and Central Asia (WB),2016,0.021978814
Europe and Central Asia (WB),2017,0.020846423
Europe and Central Asia (WB),2018,0.0211239
Europe and Central Asia (WB),2019,0.019168299
Europe and Central Asia (WB),2020,0.022262434
European Union (27),2000,0.016132994
European Union (27),2001,0.0152628245
European Union (27),2002,0.01479689
European Union (27),2003,0.014565673
European Union (27),2004,0.013881059
European Union (27),2005,0.013126481
European Union (27),2006,0.012342655
European Union (27),2007,0.011763652
European Union (27),2008,0.011939925
European Union (27),2009,0.011819054
European Union (27),2010,0.011368769
European Union (27),2011,0.0108099915
European Union (27),2012,0.010469162
European Union (27),2013,0.0100575015
European Union (27),2014,0.009801832
European Union (27),2015,0.009496833
European Union (27),2016,0.009692668
European Union (27),2017,0.00935494
European Union (27),2018,0.008980464
European Union (27),2019,0.008563305
European Union (27),2020,0.008658199
Fiji,2000,0.14961545
Fiji,2001,0.14235367
Fiji,2002,0.14986503
Fiji,2003,0.14595559
Fiji,2004,0.14166272
Fiji,2005,0.1383745
Fiji,2006,0.1351791
Fiji,2007,0.13558969
Fiji,2008,0.1322419
Fiji,2009,0.12972635
Fiji,2010,0.12743862
Fiji,2011,0.10671531
Fiji,2012,0.10672621
Fiji,2013,0.10674083
Fiji,2014,0.10490254
Fiji,2015,0.10641235
Fiji,2016,0.108296804
Fiji,2017,0.10075987
Fiji,2018,0.100123435
Fiji,2019,0.10450805
Fiji,2020,0.10423947
Finland,2000,0.012933095
Finland,2001,0.012654268
Finland,2002,0.012765752
Finland,2003,0.012168226
Finland,2004,0.0126070455
Finland,2005,0.013430559
Finland,2006,0.01162199
Finland,2007,0.012235088
Finland,2008,0.012136376
Finland,2009,0.012751282
Finland,2010,0.0122055095
Finland,2011,0.0117363045
Finland,2012,0.012717282
Finland,2013,0.012969601
Finland,2014,0.011828893
Finland,2015,0.012635525
Finland,2016,0.01359306
Finland,2017,0.010141722
Finland,2018,0.010677959
Finland,2019,0.011862357
Finland,2020,0.0115985125
France,2000,0.016238589
France,2001,0.01615011
France,2002,0.016213804
France,2003,0.015967874
France,2004,0.015418407
France,2005,0.015267485
France,2006,0.020522367
France,2007,0.01464743
France,2008,0.02035203
France,2009,0.020420393
France,2010,0.019315828
France,2011,0.01920852
France,2012,0.018730616
France,2013,0.018404923
France,2014,0.018124428
France,2015,0.0132156
France,2016,0.013293222
France,2017,0.013134761
France,2018,0.013579488
France,2019,0.013457974
France,2020,0.013765121
Gabon,2000,1.144132
Gabon,2001,1.1206825
Gabon,2002,1.0960741
Gabon,2003,1.0317826
Gabon,2004,1.0478221
Gabon,2005,1.10563
Gabon,2006,1.0261647
Gabon,2007,1.0260259
Gabon,2008,0.94858885
Gabon,2009,0.91680944
Gabon,2010,0.83805823
Gabon,2011,0.8152123
Gabon,2012,0.77442086
Gabon,2013,0.8448784
Gabon,2014,0.9427375
Gabon,2015,0.9290846
Gabon,2016,0.87303704
Gabon,2017,0.88274735
Gabon,2018,0.92724144
Gabon,2019,0.83835614
Gabon,2020,0.8446686
Gambia,2000,4.8052454
Gambia,2001,4.370183
Gambia,2002,4.500507
Gambia,2003,4.4843802
Gambia,2004,4.3450704
Gambia,2005,4.1947527
Gambia,2006,4.031954
Gambia,2007,4.0796885
Gambia,2008,3.9058416
Gambia,2009,3.7962327
Gambia,2010,3.4296422
Gambia,2011,3.315435
Gambia,2012,3.2056475
Gambia,2013,3.327231
Gambia,2014,2.8492496
Gambia,2015,2.8043373
Gambia,2016,2.6578958
Gambia,2017,2.4325068
Gambia,2018,2.518268
Gambia,2019,2.3461556
Gambia,2020,2.1144643
Georgia,2000,0.09103783
Georgia,2001,0.06252048
Georgia,2002,0.06045275
Georgia,2003,0.05918731
Georgia,2004,0.08653994
Georgia,2005,0.07851437
Georgia,2006,0.07633022
Georgia,2007,0.076898
Georgia,2008,0.07340885
Georgia,2009,0.089700766
Georgia,2010,0.08505112
Georgia,2011,0.08116853
Georgia,2012,0.07452531
Georgia,2013,0.06867821
Georgia,2014,0.060533322
Georgia,2015,0.072075486
Georgia,2016,0.052000653
Georgia,2017,0.05319886
Georgia,2018,0.054539293
Georgia,2019,0.05509485
Georgia,2020,0.057479255
Germany,2000,0.009950616
Germany,2001,0.009959914
Germany,2002,0.010076457
Germany,2003,0.009956823
Germany,2004,0.009555317
Germany,2005,0.009635409
Germany,2006,0.005630259
Germany,2007,0.009035693
Germany,2008,0.008980524
Germany,2009,0.009073942
Germany,2010,0.008577101
Germany,2011,0.008314096
Germany,2012,0.0076466566
Germany,2013,0.007449038
Germany,2014,0.0065813567
Germany,2015,0.0063956925
Germany,2016,0.0087195905
Germany,2017,0.008240307
Germany,2018,0.00819367
Germany,2019,0.0077488367
Germany,2020,0.007711776
Ghana,2000,2.4229605
Ghana,2001,2.1254869
Ghana,2002,2.0091243
Ghana,2003,1.9254386
Ghana,2004,1.9093854
Ghana,2005,1.7756897
Ghana,2006,1.5424986
Ghana,2007,1.4997637
Ghana,2008,1.4983687
Ghana,2009,1.4329304
Ghana,2010,1.4304531
Ghana,2011,1.3522854
Ghana,2012,1.3050245
Ghana,2013,1.3042967
Ghana,2014,1.2279696
Ghana,2015,1.2250017
Ghana,2016,1.0258032
Ghana,2017,1.0879047
Ghana,2018,1.0837084
Ghana,2019,0.8911086
Ghana,2020,0.9613278
Greece,2000,0.0053512366
Greece,2001,0.0050526983
Greece,2002,0.0049386537
Greece,2003,0.004944794
Greece,2004,0.004697764
Greece,2005,0.0044693444
Greece,2006,0.004432398
Greece,2007,0.0045641474
Greece,2008,0.0043761814
Greece,2009,0.0044211787
Greece,2010,0.0047813985
Greece,2011,0.0052482495
Greece,2012,0.006009381
Greece,2013,0.006255679
Greece,2014,0.006702996
Greece,2015,0.007477495
Greece,2016,0.0074577774
Greece,2017,0.0081574
Greece,2018,0.007950326
Greece,2019,0.008316992
Greece,2020,0.010664883
Grenada,2000,0.115324326
Grenada,2001,0.11056017
Grenada,2002,0.08748685
Grenada,2003,0.082248986
Grenada,2004,0.09791766
Grenada,2005,0.076750025
Grenada,2006,0.072621346
Grenada,2007,0.07032916
Grenada,2008,0.068940416
Grenada,2009,0.06542808
Grenada,2010,0.06605573
Grenada,2011,0.064833574
Grenada,2012,0.06317537
Grenada,2013,0.06100183
Grenada,2014,0.058990262
Grenada,2015,0.05657787
Grenada,2016,0.056160577
Grenada,2017,0.05759772
Grenada,2018,0.04378163
Grenada,2019,0.04255213
Grenada,2020,0.043921884
Guatemala,2000,0.77269393
Guatemala,2001,0.6670968
Guatemala,2002,0.67841643
Guatemala,2003,0.68983525
Guatemala,2004,0.6191805
Guatemala,2005,0.65920764
Guatemala,2006,0.5517769
Guatemala,2007,0.55590385
Guatemala,2008,0.55895674
Guatemala,2009,0.4716514
Guatemala,2010,0.46378714
Guatemala,2011,0.45149612
Guatemala,2012,0.4446152
Guatemala,2013,0.37205422
Guatemala,2014,0.36746487
Guatemala,2015,0.36631745
Guatemala,2016,0.35359943
Guatemala,2017,0.29289302
Guatemala,2018,0.30380514
Guatemala,2019,0.3097819
Guatemala,2020,0.26246455
Guinea,2000,5.868838
Guinea,2001,5.3942227
Guinea,2002,5.3176956
Guinea,2003,5.2466564
Guinea,2004,5.09332
Guinea,2005,4.867021
Guinea,2006,4.714746
Guinea,2007,4.176241
Guinea,2008,4.0360074
Guinea,2009,4.0799255
Guinea,2010,4.0702634
Guinea,2011,4.0931826
Guinea,2012,3.526818
Guinea,2013,3.5174146
Guinea,2014,3.4381144
Guinea,2015,3.3763807
Guinea,2016,3.260065
Guinea,2017,2.8014815
Guinea,2018,2.778929
Guinea,2019,2.7258968
Guinea,2020,2.7208164
Guinea-Bissau,2000,7.4422235
Guinea-Bissau,2001,6.5014644
Guinea-Bissau,2002,6.1502266
Guinea-Bissau,2003,5.9530973
Guinea-Bissau,2004,5.4710145
Guinea-Bissau,2005,5.2928414
Guinea-Bissau,2006,4.7663074
Guinea-Bissau,2007,4.6136756
Guinea-Bissau,2008,4.605728
Guinea-Bissau,2009,4.159031
Guinea-Bissau,2010,4.1276474
Guinea-Bissau,2011,3.995279
Guinea-Bissau,2012,3.9613402
Guinea-Bissau,2013,3.6406724
Guinea-Bissau,2014,3.600945
Guinea-Bissau,2015,3.5105174
Guinea-Bissau,2016,3.1039286
Guinea-Bissau,2017,3.255097
Guinea-Bissau,2018,2.7853293
Guinea-Bissau,2019,3.0509322
Guinea-Bissau,2020,3.1241758
Guyana,2000,0.6393404
Guyana,2001,0.6391245
Guyana,2002,0.5228677
Guyana,2003,0.5450212
Guyana,2004,0.5204003
Guyana,2005,0.5208092
Guyana,2006,0.5386009
Guyana,2007,0.5114198
Guyana,2008,0.40472975
Guyana,2009,0.39134243
Guyana,2010,0.40050602
Guyana,2011,0.38480663
Guyana,2012,0.36882558
Guyana,2013,0.36006254
Guyana,2014,0.35567495
Guyana,2015,0.3488672
Guyana,2016,0.34475994
Guyana,2017,0.3357276
Guyana,2018,0.32060394
Guyana,2019,0.29914218
Guyana,2020,0.3052635
Haiti,2000,1.6998091
Haiti,2001,1.7714015
Haiti,2002,1.5271283
Haiti,2003,1.4713092
Haiti,2004,1.6870402
Haiti,2005,1.440947
Haiti,2006,1.2502004
Haiti,2007,1.3386469
Haiti,2008,1.4022431
Haiti,2009,1.4453042
Haiti,2010,1.2929186
Haiti,2011,1.5553235
Haiti,2012,1.283634
Haiti,2013,1.3127338
Haiti,2014,1.3046702
Haiti,2015,1.3136129
Haiti,2016,1.3055221
Haiti,2017,1.0631814
Haiti,2018,1.0883186
Haiti,2019,1.0598961
Haiti,2020,1.0659338
High-income countries,2000,0.026006158
High-income countries,2001,0.024725646
High-income countries,2002,0.025436124
High-income countries,2003,0.024372341
High-income countries,2004,0.022803538
High-income countries,2005,0.02178676
High-income countries,2006,0.020924566
High-income countries,2007,0.020241622
High-income countries,2008,0.020098435
High-income countries,2009,0.020646816
High-income countries,2010,0.019200224
High-income countries,2011,0.018902568
High-income countries,2012,0.018565144
High-income countries,2013,0.018073004
High-income countries,2014,0.017982775
High-income countries,2015,0.018237185
High-income countries,2016,0.018175699
High-income countries,2017,0.017968832
High-income countries,2018,0.017745854
High-income countries,2019,0.01733078
High-income countries,2020,0.018610228
Honduras,2000,0.3910301
Honduras,2001,0.36805755
Honduras,2002,0.3259194
Honduras,2003,0.34058937
Honduras,2004,0.29548723
Honduras,2005,0.30818573
Honduras,2006,0.31634167
Honduras,2007,0.28945145
Honduras,2008,0.30394787
Honduras,2009,0.25027817
Honduras,2010,0.25092015
Honduras,2011,0.24555452
Honduras,2012,0.20158224
Honduras,2013,0.20269874
Honduras,2014,0.21137527
Honduras,2015,0.20730528
Honduras,2016,0.1720442
Honduras,2017,0.17612705
Honduras,2018,0.179286
Honduras,2019,0.1834955
Honduras,2020,0.19765326
Hungary,2000,0.020173864
Hungary,2001,0.018826045
Hungary,2002,0.018941063
Hungary,2003,0.018876603
Hungary,2004,0.01805562
Hungary,2005,0.018447774
Hungary,2006,0.017702378
Hungary,2007,0.019614456
Hungary,2008,0.018961148
Hungary,2009,0.02001784
Hungary,2010,0.020837843
Hungary,2011,0.02205339
Hungary,2012,0.021023462
Hungary,2013,0.021046521
Hungary,2014,0.02037886
Hungary,2015,0.020554937
Hungary,2016,0.0193668
Hungary,2017,0.020095399
Hungary,2018,0.020266995
Hungary,2019,0.019618655
Hungary,2020,0.020920927
Iceland,2000,0.010986727
Iceland,2001,0.0069514113
Iceland,2002,0.0069301627
Iceland,2003,0.009655409
Iceland,2004,0.008919558
Iceland,2005,0.008445676
Iceland,2006,0.008417003
Iceland,2007,0.008287649
Iceland,2008,0.0068707126
Iceland,2009,0.006472139
Iceland,2010,0.006115221
Iceland,2011,0.0061034877
Iceland,2012,0.005890363
Iceland,2013,0.007694866
Iceland,2014,0.0066060764
Iceland,2015,0.0071452213
Iceland,2016,0.0052218526
Iceland,2017,0.004886611
Iceland,2018,0.0048844917
Iceland,2019,0.0054409504
Iceland,2020,0.00555245
India,2000,1.4154465
India,2001,1.3682871
India,2002,1.1057774
India,2003,1.0603869
India,2004,1.0144751
India,2005,0.9639761
India,2006,0.7546629
India,2007,0.71243846
India,2008,0.67218196
India,2009,0.6319281
India,2010,0.4851687
India,2011,0.46190608
India,2012,0.44038677
India,2013,0.42056346
India,2014,0.32221493
India,2015,0.30543995
India,2016,0.29015777
India,2017,0.28432387
India,2018,0.27734628
India,2019,0.27901807
India,2020,0.21116339
Indonesia,2000,0.8083057
Indonesia,2001,0.77011186
Indonesia,2002,0.77653235
Indonesia,2003,0.7298892
Indonesia,2004,0.7634959
Indonesia,2005,0.7491272
Indonesia,2006,0.69054496
Indonesia,2007,0.6828235
Indonesia,2008,0.69536966
Indonesia,2009,0.6560588
Indonesia,2010,0.520272
Indonesia,2011,0.6417995
Indonesia,2012,0.49250424
Indonesia,2013,0.46190956
Indonesia,2014,0.46248373
Indonesia,2015,0.46304214
Indonesia,2016,0.46239057
Indonesia,2017,0.4626258
Indonesia,2018,0.4328616
Indonesia,2019,0.32410902
Indonesia,2020,0.35390642
Iran,2000,0.08947148
Iran,2001,0.08657548
Iran,2002,0.08440391
Iran,2003,0.08370306
Iran,2004,0.07820924
Iran,2005,0.06247252
Iran,2006,0.061019532
Iran,2007,0.05908155
Iran,2008,0.067585364
Iran,2009,0.075040326
Iran,2010,0.06501295
Iran,2011,0.05343759
Iran,2012,0.047125444
Iran,2013,0.056685634
Iran,2014,0.05052697
Iran,2015,0.048536137
Iran,2016,0.04796344
Iran,2017,0.044721905
Iran,2018,0.03621641
Iran,2019,0.043329876
Iran,2020,0.037971463
Iraq,2000,0.5972961
Iraq,2001,0.5877863
Iraq,2002,0.57392013
Iraq,2003,0.6034904
Iraq,2004,0.60418695
Iraq,2005,0.5501039
Iraq,2006,0.5804277
Iraq,2007,0.606056
Iraq,2008,0.61860555
Iraq,2009,0.5973799
Iraq,2010,0.5466491
Iraq,2011,0.5299678
Iraq,2012,0.5291867
Iraq,2013,0.52345276
Iraq,2014,0.43625337
Iraq,2015,0.45205474
Iraq,2016,0.34793386
Iraq,2017,0.32023862
Iraq,2018,0.27191842
Iraq,2019,0.27518788
Iraq,2020,0.28709194
Ireland,2000,0.02174067
Ireland,2001,0.019404948
Ireland,2002,0.0176082
Ireland,2003,0.0154777
Ireland,2004,0.016644733
Ireland,2005,0.017941952
Ireland,2006,0.016487999
Ireland,2007,0.014657914
Ireland,2008,0.015823694
Ireland,2009,0.01489923
Ireland,2010,0.013672572
Ireland,2011,0.015470253
Ireland,2012,0.014693464
Ireland,2013,0.013483708
Ireland,2014,0.013105661
Ireland,2015,0.013545917
Ireland,2016,0.009304421
Ireland,2017,0.00972087
Ireland,2018,0.0094548715
Ireland,2019,0.00961736
Ireland,2020,0.008683495
Israel,2000,0.026831264
Israel,2001,0.021238027
Israel,2002,0.018353727
Israel,2003,0.015193469
Israel,2004,0.013271011
Israel,2005,0.01278192
Israel,2006,0.011981503
Israel,2007,0.011354382
Israel,2008,0.010518942
Israel,2009,0.00983077
Israel,2010,0.009296011
Israel,2011,0.009409834
Israel,2012,0.009339226
Israel,2013,0.009130871
Israel,2014,0.008825409
Israel,2015,0.010164251
Israel,2016,0.009988325
Israel,2017,0.00835273
Israel,2018,0.008371871
Israel,2019,0.008246866
Israel,2020,0.008908986
Italy,2000,0.0140066305
Italy,2001,0.013609796
Italy,2002,0.013050663
Italy,2003,0.012251598
Italy,2004,0.010998657
Italy,2005,0.010787803
Italy,2006,0.01008242
Italy,2007,0.009854252
Italy,2008,0.009416014
Italy,2009,0.009658137
Italy,2010,0.009378201
Italy,2011,0.009534972
Italy,2012,0.009457175
Italy,2013,0.009451121
Italy,2014,0.0090111345
Italy,2015,0.009064572
Italy,2016,0.008804941
Italy,2017,0.008873505
Italy,2018,0.0051110233
Italy,2019,0.0049408353
Italy,2020,0.004802754
Jamaica,2000,0.19977273
Jamaica,2001,0.20874771
Jamaica,2002,0.20828974
Jamaica,2003,0.2073511
Jamaica,2004,0.19705446
Jamaica,2005,0.20768614
Jamaica,2006,0.22710894
Jamaica,2007,0.1894973
Jamaica,2008,0.19871497
Jamaica,2009,0.19591688
Jamaica,2010,0.15126991
Jamaica,2011,0.13773492
Jamaica,2012,0.14246833
Jamaica,2013,0.1553062
Jamaica,2014,0.17413396
Jamaica,2015,0.16716737
Jamaica,2016,0.16931711
Jamaica,2017,0.17488125
Jamaica,2018,0.12479978
Jamaica,2019,0.12829337
Jamaica,2020,0.13636982
Japan,2000,0.01185819
Japan,2001,0.01136624
Japan,2002,0.010760199
Japan,2003,0.010542022
Japan,2004,0.010184237
Japan,2005,0.00999303
Japan,2006,0.0091400845
Japan,2007,0.008578504
Japan,2008,0.008362479
Japan,2009,0.008183386
Japan,2010,0.007872462
Japan,2011,0.0076260776
Japan,2012,0.0073810453
Japan,2013,0.0071535497
Japan,2014,0.0071040443
Japan,2015,0.0067516007
Japan,2016,0.006784311
Japan,2017,0.007050029
Japan,2018,0.0072366497
Japan,2019,0.0044395877
Japan,2020,0.0045074536
Jordan,2000,0.26561677
Jordan,2001,0.26230454
Jordan,2002,0.25790858
Jordan,2003,0.24889949
Jordan,2004,0.24315603
Jordan,2005,0.23888989
Jordan,2006,0.23057584
Jordan,2007,0.21869087
Jordan,2008,0.21133311
Jordan,2009,0.20834139
Jordan,2010,0.17718053
Jordan,2011,0.17896552
Jordan,2012,0.18204631
Jordan,2013,0.15643041
Jordan,2014,0.15654418
Jordan,2015,0.15965566
Jordan,2016,0.1336364
Jordan,2017,0.13187337
Jordan,2018,0.12998177
Jordan,2019,0.12878376
Jordan,2020,0.12890695
Kazakhstan,2000,0.11531687
Kazakhstan,2001,0.10581865
Kazakhstan,2002,0.10057039
Kazakhstan,2003,0.08541176
Kazakhstan,2004,0.07372922
Kazakhstan,2005,0.08500127
Kazakhstan,2006,0.07319161
Kazakhstan,2007,0.067051694
Kazakhstan,2008,0.07102809
Kazakhstan,2009,0.06305676
Kazakhstan,2010,0.053874567
Kazakhstan,2011,0.046376165
Kazakhstan,2012,0.03961553
Kazakhstan,2013,0.03578801
Kazakhstan,2014,0.040227205
Kazakhstan,2015,0.038911156
Kazakhstan,2016,0.041520298
Kazakhstan,2017,0.041586645
Kazakhstan,2018,0.042826522
Kazakhstan,2019,0.043522663
Kazakhstan,2020,0.041562576
Kenya,2000,2.9934897
Kenya,2001,3.004081
Kenya,2002,2.6748416
Kenya,2003,2.6294508
Kenya,2004,2.537306
Kenya,2005,2.551033
Kenya,2006,2.518657
Kenya,2007,2.3727012
Kenya,2008,2.3368905
Kenya,2009,2.2601185
Kenya,2010,2.1588736
Kenya,2011,2.1557975
Kenya,2012,2.0208724
Kenya,2013,2.1877198
Kenya,2014,2.1557956
Kenya,2015,1.8964715
Kenya,2016,1.9801842
Kenya,2017,1.931607
Kenya,2018,2.0173285
Kenya,2019,1.8179405
Kenya,2020,1.9113358
Kiribati,2000,0.4671154
Kiribati,2001,0.47779596
Kiribati,2002,0.41708246
Kiribati,2003,0.42209762
Kiribati,2004,0.42976493
Kiribati,2005,0.43564704
Kiribati,2006,0.43077055
Kiribati,2007,0.4373209
Kiribati,2008,0.5156226
Kiribati,2009,0.51070905
Kiribati,2010,0.52741075
Kiribati,2011,0.52034396
Kiribati,2012,0.52797455
Kiribati,2013,0.44268122
Kiribati,2014,0.44593045
Kiribati,2015,0.45062461
Kiribati,2016,0.43438524
Kiribati,2017,0.4153927
Kiribati,2018,0.4112291
Kiribati,2019,0.40366542
Kiribati,2020,0.2590759
Kuwait,2000,0.030941121
Kuwait,2001,0.03150208
Kuwait,2002,0.031769983
Kuwait,2003,0.030497365
Kuwait,2004,0.03063928
Kuwait,2005,0.030368473
Kuwait,2006,0.030805027
Kuwait,2007,0.02609634
Kuwait,2008,0.02730295
Kuwait,2009,0.0276672
Kuwait,2010,0.025560705
Kuwait,2011,0.02305331
Kuwait,2012,0.01733422
Kuwait,2013,0.016113851
Kuwait,2014,0.016720455
Kuwait,2015,0.016590025
Kuwait,2016,0.0127076255
Kuwait,2017,0.013145697
Kuwait,2018,0.014208263
Kuwait,2019,0.015377151
Kuwait,2020,0.012508845
Kyrgyzstan,2000,0.2371146
Kyrgyzstan,2001,0.23631898
Kyrgyzstan,2002,0.23164324
Kyrgyzstan,2003,0.22890456
Kyrgyzstan,2004,0.23111378
Kyrgyzstan,2005,0.22816397
Kyrgyzstan,2006,0.2134479
Kyrgyzstan,2007,0.25908786
Kyrgyzstan,2008,0.24143128
Kyrgyzstan,2009,0.2187175
Kyrgyzstan,2010,0.24606353
Kyrgyzstan,2011,0.22626804
Kyrgyzstan,2012,0.21388805
Kyrgyzstan,2013,0.24847972
Kyrgyzstan,2014,0.22613133
Kyrgyzstan,2015,0.23200665
Kyrgyzstan,2016,0.1833813
Kyrgyzstan,2017,0.18132202
Kyrgyzstan,2018,0.20364821
Kyrgyzstan,2019,0.16381712
Kyrgyzstan,2020,0.17382981
Laos,2000,2.6523314
Laos,2001,2.5857975
Laos,2002,2.2673306
Laos,2003,2.1863172
Laos,2004,1.8679447
Laos,2005,1.7602508
Laos,2006,1.661805
Laos,2007,1.3403436
Laos,2008,1.3249949
Laos,2009,1.2142994
Laos,2010,0.9529845
Laos,2011,0.9110469
Laos,2012,0.8296688
Laos,2013,0.79214483
Laos,2014,0.57846475
Laos,2015,0.5630389
Laos,2016,0.51046747
Laos,2017,0.5069777
Laos,2018,0.50619084
Laos,2019,0.47086394
Laos,2020,0.34508926
Latin America and Caribbean (WB),2000,0.2509731
Latin America and Caribbean (WB),2001,0.24849728
Latin America and Caribbean (WB),2002,0.2461337
Latin America and Caribbean (WB),2003,0.21661833
Latin America and Caribbean (WB),2004,0.21585493
Latin America and Caribbean (WB),2005,0.20734265
Latin America and Caribbean (WB),2006,0.2035695
Latin America and Caribbean (WB),2007,0.20621769
Latin America and Caribbean (WB),2008,0.20122178
Latin America and Caribbean (WB),2009,0.1876185
Latin America and Caribbean (WB),2010,0.17809613
Latin America and Caribbean (WB),2011,0.18063654
Latin America and Caribbean (WB),2012,0.16176397
Latin America and Caribbean (WB),2013,0.16348201
Latin America and Caribbean (WB),2014,0.15892266
Latin America and Caribbean (WB),2015,0.1610221
Latin America and Caribbean (WB),2016,0.1578354
Latin America and Caribbean (WB),2017,0.15721937
Latin America and Caribbean (WB),2018,0.15453951
Latin America and Caribbean (WB),2019,0.15720522
Latin America and Caribbean (WB),2020,0.17380473
Latvia,2000,0.033021793
Latvia,2001,0.03315931
Latvia,2002,0.029067548
Latvia,2003,0.04709877
Latvia,2004,0.042966004
Latvia,2005,0.03866221
Latvia,2006,0.035926066
Latvia,2007,0.03383126
Latvia,2008,0.0309654
Latvia,2009,0.032475747
Latvia,2010,0.0351546
Latvia,2011,0.033861093
Latvia,2012,0.03192555
Latvia,2013,0.029124705
Latvia,2014,0.038708966
Latvia,2015,0.03851875
Latvia,2016,0.03715887
Latvia,2017,0.037760414
Latvia,2018,0.04050158
Latvia,2019,0.037819896
Latvia,2020,0.025436278
Lebanon,2000,0.08813498
Lebanon,2001,0.06645012
Lebanon,2002,0.060681563
Lebanon,2003,0.060798634
Lebanon,2004,0.0596282
Lebanon,2005,0.059683654
Lebanon,2006,0.04382269
Lebanon,2007,0.041379955
Lebanon,2008,0.040394764
Lebanon,2009,0.03900085
Lebanon,2010,0.037457284
Lebanon,2011,0.047963336
Lebanon,2012,0.04748022
Lebanon,2013,0.04814826
Lebanon,2014,0.047429904
Lebanon,2015,0.04720173
Lebanon,2016,0.046667352
Lebanon,2017,0.047276344
Lebanon,2018,0.03721724
Lebanon,2019,0.040823355
Lebanon,2020,0.0429797
Lesotho,2000,1.9649545
Lesotho,2001,2.0264432
Lesotho,2002,2.0518486
Lesotho,2003,2.092059
Lesotho,2004,1.7408297
Lesotho,2005,1.7544202
Lesotho,2006,1.9636233
Lesotho,2007,2.183949
Lesotho,2008,2.7399063
Lesotho,2009,3.3832765
Lesotho,2010,3.2967894
Lesotho,2011,3.330637
Lesotho,2012,3.1336393
Lesotho,2013,2.7561383
Lesotho,2014,2.622645
Lesotho,2015,2.464619
Lesotho,2016,2.2850728
Lesotho,2017,2.2075248
Lesotho,2018,1.8892154
Lesotho,2019,1.9928709
Lesotho,2020,1.8147017
Liberia,2000,4.533623
Liberia,2001,4.374424
Liberia,2002,4.448842
Liberia,2003,4.7200875
Liberia,2004,4.131115
Liberia,2005,4.0026355
Liberia,2006,3.9331481
Liberia,2007,3.9304636
Liberia,2008,3.5449834
Liberia,2009,3.580557
Liberia,2010,3.3469586
Liberia,2011,3.3983498
Liberia,2012,3.4019082
Liberia,2013,3.1272163
Liberia,2014,3.8185318
Liberia,2015,3.150977
Liberia,2016,2.902177
Liberia,2017,3.0581026
Liberia,2018,3.170705
Liberia,2019,2.8761668
Liberia,2020,2.8197885
Libya,2000,0.15567344
Libya,2001,0.17769855
Libya,2002,0.17332837
Libya,2003,0.14355782
Libya,2004,0.1361159
Libya,2005,0.13776971
Libya,2006,0.14198974
Libya,2007,0.14887723
Libya,2008,0.14058995
Libya,2009,0.15355875
Libya,2010,0.15790813
Libya,2011,0.17079188
Libya,2012,0.17992623
Libya,2013,0.19113779
Libya,2014,0.18456316
Libya,2015,0.19559644
Libya,2016,0.20255357
Libya,2017,0.16087067
Libya,2018,0.16602516
Libya,2019,0.17427546
Libya,2020,0.17360377
Lithuania,2000,0.024219079
Lithuania,2001,0.02505127
Lithuania,2002,0.014868916
Lithuania,2003,0.013467815
Lithuania,2004,0.012473233
Lithuania,2005,0.01179139
Lithuania,2006,0.018589597
Lithuania,2007,0.017088
Lithuania,2008,0.015347467
Lithuania,2009,0.013742602
Lithuania,2010,0.01340365
Lithuania,2011,0.011862439
Lithuania,2012,0.011146045
Lithuania,2013,0.010988626
Lithuania,2014,0.015096031
Lithuania,2015,0.014600314
Lithuania,2016,0.014124113
Lithuania,2017,0.013942408
Lithuania,2018,0.013619281
Lithuania,2019,0.012778789
Lithuania,2020,0.015007771
Low-income countries,2000,4.61528
Low-income countries,2001,4.453042
Low-income countries,2002,4.3466487
Low-income countries,2003,4.126157
Low-income countries,2004,3.952267
Low-income countries,2005,3.810773
Low-income countries,2006,3.6219072
Low-income countries,2007,3.4975195
Low-income countries,2008,3.3410192
Low-income countries,2009,3.2026896
Low-income countries,2010,3.080695
Low-income countries,2011,2.9492745
Low-income countries,2012,2.8030734
Low-income countries,2013,2.687691
Low-income countries,2014,2.5809267
Low-income countries,2015,2.4891346
Low-income countries,2016,2.3653243
Low-income countries,2017,2.2655394
Low-income countries,2018,2.1529348
Low-income countries,2019,2.074228
Low-income countries,2020,2.0165467
Lower-middle-income countries,2000,1.7896806
Lower-middle-income countries,2001,1.7242616
Lower-middle-income countries,2002,1.5929549
Lower-middle-income countries,2003,1.5147632
Lower-middle-income countries,2004,1.4428406
Lower-middle-income countries,2005,1.3693045
Lower-middle-income countries,2006,1.2689719
Lower-middle-income countries,2007,1.2341543
Lower-middle-income countries,2008,1.20342
Lower-middle-income countries,2009,1.1628811
Lower-middle-income countries,2010,1.096253
Lower-middle-income countries,2011,1.0381322
Lower-middle-income countries,2012,0.9978988
Lower-middle-income countries,2013,0.97321504
Lower-middle-income countries,2014,0.93337613
Lower-middle-income countries,2015,0.8893488
Lower-middle-income countries,2016,0.8708329
Lower-middle-income countries,2017,0.844959
Lower-middle-income countries,2018,0.83268183
Lower-middle-income countries,2019,0.8125977
Lower-middle-income countries,2020,0.74998885
Luxembourg,2000,0.016081939
Luxembourg,2001,0.019922182
Luxembourg,2002,0.019486533
Luxembourg,2003,0.021324275
Luxembourg,2004,0.018214947
Luxembourg,2005,0.018579056
Luxembourg,2006,0.019803492
Luxembourg,2007,0.012837596
Luxembourg,2008,0.017964428
Luxembourg,2009,0.014711814
Luxembourg,2010,0.014400024
Luxembourg,2011,0.009688687
Luxembourg,2012,0.014761005
Luxembourg,2013,0.014419891
Luxembourg,2014,0.008765283
Luxembourg,2015,0.009645975
Luxembourg,2016,0.00882617
Luxembourg,2017,0.009375147
Luxembourg,2018,0.009238884
Luxembourg,2019,0.008943992
Luxembourg,2020,0.009044603
Madagascar,2000,3.838069
Madagascar,2001,3.459481
Madagascar,2002,3.514976
Madagascar,2003,3.464411
Madagascar,2004,3.3258142
Madagascar,2005,2.9737222
Madagascar,2006,2.8262885
Madagascar,2007,2.7473137
Madagascar,2008,2.7780244
Madagascar,2009,2.6847184
Madagascar,2010,2.4662054
Madagascar,2011,2.4137444
Madagascar,2012,2.2123933
Madagascar,2013,2.1202264
Madagascar,2014,2.1794581
Madagascar,2015,2.2449079
Madagascar,2016,2.0899613
Madagascar,2017,1.8382572
Madagascar,2018,1.8390553
Madagascar,2019,1.7334459
Madagascar,2020,1.7089521
Malawi,2000,3.3887186
Malawi,2001,3.1607707
Malawi,2002,2.9343352
Malawi,2003,2.684355
Malawi,2004,2.355172
Malawi,2005,2.1447678
Malawi,2006,1.9345509
Malawi,2007,2.0918648
Malawi,2008,2.4968848
Malawi,2009,2.6974525
Malawi,2010,2.9304602
Malawi,2011,2.6996782
Malawi,2012,2.7590094
Malawi,2013,2.4624696
Malawi,2014,2.3293588
Malawi,2015,2.1974032
Malawi,2016,2.1353984
Malawi,2017,1.7442017
Malawi,2018,1.8233664
Malawi,2019,1.7312124
Malawi,2020,1.6536976
Malaysia,2000,0.12333086
Malaysia,2001,0.09858855
Malaysia,2002,0.10072439
Malaysia,2003,0.077552885
Malaysia,2004,0.078713015
Malaysia,2005,0.07778474
Malaysia,2006,0.07744287
Malaysia,2007,0.05815979
Malaysia,2008,0.07380083
Malaysia,2009,0.071524225
Malaysia,2010,0.052926905
Malaysia,2011,0.049998257
Malaysia,2012,0.048958182
Malaysia,2013,0.04801141
Malaysia,2014,0.04687038
Malaysia,2015,0.046478663
Malaysia,2016,0.045667943
Malaysia,2017,0.045010496
Malaysia,2018,0.044818256
Malaysia,2019,0.044961415
Malaysia,2020,0.044040747
Maldives,2000,0.3532055
Maldives,2001,0.26503274
Maldives,2002,0.20171559
Maldives,2003,0.19317517
Maldives,2004,0.19003926
Maldives,2005,0.19055286
Maldives,2006,0.18745425
Maldives,2007,0.16033174
Maldives,2008,0.19068754
Maldives,2009,0.18958457
Maldives,2010,0.16585733
Maldives,2011,0.16645214
Maldives,2012,0.12542844
Maldives,2013,0.11827792
Maldives,2014,0.13694078
Maldives,2015,0.13843864
Maldives,2016,0.12411777
Maldives,2017,0.095560566
Maldives,2018,0.10125261
Maldives,2019,0.10500963
Maldives,2020,0.11833068
Mali,2000,5.158609
Mali,2001,4.7768545
Mali,2002,4.370726
Mali,2003,4.1409297
Mali,2004,3.9868722
Mali,2005,3.9747155
Mali,2006,3.9020522
Mali,2007,4.053582
Mali,2008,4.162622
Mali,2009,3.7641537
Mali,2010,3.7267263
Mali,2011,3.7303903
Mali,2012,3.7901125
Mali,2013,3.717416
Mali,2014,3.5490482
Mali,2015,3.3847754
Mali,2016,3.0658453
Mali,2017,2.9623034
Mali,2018,2.8809934
Mali,2019,2.6656175
Mali,2020,2.7392943
Malta,2000,0.014602911
Malta,2001,0.01288855
Malta,2002,0.013416012
Malta,2003,0.012549865
Malta,2004,0.011719172
Malta,2005,0.010646604
Malta,2006,0.010068993
Malta,2007,0.009280636
Malta,2008,0.009164303
Malta,2009,0.007966892
Malta,2010,0.0074247103
Malta,2011,0.010669849
Malta,2012,0.0069883503
Malta,2013,0.006251037
Malta,2014,0.0061565763
Malta,2015,0.005859623
Malta,2016,0.0046079266
Malta,2017,0.005283041
Malta,2018,0.00566264
Malta,2019,0.0056576356
Malta,2020,0.004042173
Mauritania,2000,3.8921986
Mauritania,2001,3.5304542
Mauritania,2002,3.6012783
Mauritania,2003,3.6419501
Mauritania,2004,3.5324697
Mauritania,2005,3.5066493
Mauritania,2006,3.5189178
Mauritania,2007,3.435603
Mauritania,2008,3.4177263
Mauritania,2009,2.9864326
Mauritania,2010,2.965296
Mauritania,2011,2.8654888
Mauritania,2012,2.8252165
Mauritania,2013,2.706683
Mauritania,2014,2.7205095
Mauritania,2015,2.591185
Mauritania,2016,2.2759302
Mauritania,2017,2.174324
Mauritania,2018,2.1910007
Mauritania,2019,2.0530415
Mauritania,2020,2.2058897
Mauritius,2000,0.10774012
Mauritius,2001,0.10314186
Mauritius,2002,0.099931724
Mauritius,2003,0.097246684
Mauritius,2004,0.09466279
Mauritius,2005,0.098701544
Mauritius,2006,0.074185714
Mauritius,2007,0.0740855
Mauritius,2008,0.07794548
Mauritius,2009,0.085480325
Mauritius,2010,0.09528651
Mauritius,2011,0.05863264
Mauritius,2012,0.064715974
Mauritius,2013,0.066195555
Mauritius,2014,0.070718706
Mauritius,2015,0.07847462
Mauritius,2016,0.071788676
Mauritius,2017,0.063338235
Mauritius,2018,0.069863714
Mauritius,2019,0.06810201
Mauritius,2020,0.116355136
Mexico,2000,0.17543489
Mexico,2001,0.17612985
Mexico,2002,0.1766214
Mexico,2003,0.14376637
Mexico,2004,0.14526688
Mexico,2005,0.14723296
Mexico,2006,0.15013658
Mexico,2007,0.15407635
Mexico,2008,0.15674615
Mexico,2009,0.1241041
Mexico,2010,0.12363913
Mexico,2011,0.12141244
Mexico,2012,0.11891882
Mexico,2013,0.11812552
Mexico,2014,0.11979957
Mexico,2015,0.12571971
Mexico,2016,0.10160017
Mexico,2017,0.108291134
Mexico,2018,0.11485739
Mexico,2019,0.119934835
Mexico,2020,0.12186033
Micronesia (country),2000,0.2482608
Micronesia (country),2001,0.28840974
Micronesia (country),2002,0.36861092
Micronesia (country),2003,0.24079679
Micronesia (country),2004,0.23729937
Micronesia (country),2005,0.19647978
Micronesia (country),2006,0.22158362
Micronesia (country),2007,0.181814
Micronesia (country),2008,0.1908525
Micronesia (country),2009,0.15893294
Micronesia (country),2010,0.1581426
Micronesia (country),2011,0.15805183
Micronesia (country),2012,0.13057525
Micronesia (country),2013,0.22861531
Micronesia (country),2014,0.18900882
Micronesia (country),2015,0.19839862
Micronesia (country),2016,0.1985099
Micronesia (country),2017,0.17325293
Micronesia (country),2018,0.21418068
Micronesia (country),2019,0.17997257
Micronesia (country),2020,0.20489325
Middle East and North Africa (WB),2000,0.3521004
Middle East and North Africa (WB),2001,0.33795664
Middle East and North Africa (WB),2002,0.3204645
Middle East and North Africa (WB),2003,0.30147123
Middle East and North Africa (WB),2004,0.2865897
Middle East and North Africa (WB),2005,0.27246904
Middle East and North Africa (WB),2006,0.2585238
Middle East and North Africa (WB),2007,0.24152881
Middle East and North Africa (WB),2008,0.2319653
Middle East and North Africa (WB),2009,0.22323991
Middle East and North Africa (WB),2010,0.21665175
Middle East and North Africa (WB),2011,0.20841272
Middle East and North Africa (WB),2012,0.19869608
Middle East and North Africa (WB),2013,0.19508132
Middle East and North Africa (WB),2014,0.18394975
Middle East and North Africa (WB),2015,0.18956697
Middle East and North Africa (WB),2016,0.1734815
Middle East and North Africa (WB),2017,0.16892491
Middle East and North Africa (WB),2018,0.15723789
Middle East and North Africa (WB),2019,0.15802526
Middle East and North Africa (WB),2020,0.15238225
Middle-income countries,2000,0.9193001
Middle-income countries,2001,0.8870887
Middle-income countries,2002,0.82848024
Middle-income countries,2003,0.78698343
Middle-income countries,2004,0.761294
Middle-income countries,2005,0.72750986
Middle-income countries,2006,0.6793292
Middle-income countries,2007,0.6658364
Middle-income countries,2008,0.65516233
Middle-income countries,2009,0.63425636
Middle-income countries,2010,0.6002982
Middle-income countries,2011,0.575472
Middle-income countries,2012,0.55290246
Middle-income countries,2013,0.5415423
Middle-income countries,2014,0.5244369
Middle-income countries,2015,0.5054149
Middle-income countries,2016,0.49734163
Middle-income countries,2017,0.4867263
Middle-income countries,2018,0.48016798
Middle-income countries,2019,0.4706712
Middle-income countries,2020,0.44367176
Moldova,2000,0.0670368
Moldova,2001,0.059863865
Moldova,2002,0.05513509
Moldova,2003,0.046940193
Moldova,2004,0.038833637
Moldova,2005,0.05179835
Moldova,2006,0.04578495
Moldova,2007,0.040402275
Moldova,2008,0.035760704
Moldova,2009,0.032044686
Moldova,2010,0.031322517
Moldova,2011,0.031223137
Moldova,2012,0.030283691
Moldova,2013,0.029787151
Moldova,2014,0.03706608
Moldova,2015,0.034690257
Moldova,2016,0.031185212
Moldova,2017,0.030569252
Moldova,2018,0.030138098
Moldova,2019,0.020989941
Moldova,2020,0.021291362
Mongolia,2000,0.3736392
Mongolia,2001,0.34293446
Mongolia,2002,0.32342184
Mongolia,2003,0.22230114
Mongolia,2004,0.20654342
Mongolia,2005,0.19233708
Mongolia,2006,0.22561182
Mongolia,2007,0.1921991
Mongolia,2008,0.21551915
Mongolia,2009,0.19114707
Mongolia,2010,0.17915495
Mongolia,2011,0.16793655
Mongolia,2012,0.17735036
Mongolia,2013,0.15980503
Mongolia,2014,0.15081528
Mongolia,2015,0.14573121
Mongolia,2016,0.14584629
Mongolia,2017,0.14884222
Mongolia,2018,0.13084404
Mongolia,2019,0.123260364
Mongolia,2020,0.122677274
Montenegro,2000,0.021856816
Montenegro,2001,0.016390096
Montenegro,2002,0.016292665
Montenegro,2003,0.016255237
Montenegro,2004,0.016263535
Montenegro,2005,0.016651282
Montenegro,2006,0.016324693
Montenegro,2007,0.013986807
Montenegro,2008,0.01739705
Montenegro,2009,0.017465169
Montenegro,2010,0.012481278
Montenegro,2011,0.012098868
Montenegro,2012,0.01247649
Montenegro,2013,0.011241238
Montenegro,2014,0.010590588
Montenegro,2015,0.010625445
Montenegro,2016,0.010223218
Montenegro,2017,0.009487746
Montenegro,2018,0.009365157
Montenegro,2019,0.010118962
Montenegro,2020,0.010737694
Morocco,2000,0.66185004
Morocco,2001,0.64191973
Morocco,2002,0.6166806
Morocco,2003,0.5891501
Morocco,2004,0.56922024
Morocco,2005,0.52974993
Morocco,2006,0.49025556
Morocco,2007,0.4578218
Morocco,2008,0.4268736
Morocco,2009,0.39519495
Morocco,2010,0.36745736
Morocco,2011,0.33454227
Morocco,2012,0.31137964
Morocco,2013,0.29236808
Morocco,2014,0.28031164
Morocco,2015,0.266403
Morocco,2016,0.20601092
Morocco,2017,0.19420955
Morocco,2018,0.1886714
Morocco,2019,0.18476942
Morocco,2020,0.17411095
Mozambique,2000,3.0212953
Mozambique,2001,2.840081
Mozambique,2002,2.6153977
Mozambique,2003,2.498922
Mozambique,2004,2.3743587
Mozambique,2005,2.2796865
Mozambique,2006,2.1993966
Mozambique,2007,2.1454477
Mozambique,2008,2.1266232
Mozambique,2009,2.0235858
Mozambique,2010,1.8396324
Mozambique,2011,1.7036754
Mozambique,2012,1.5694808
Mozambique,2013,1.3253862
Mozambique,2014,1.33401
Mozambique,2015,1.2580742
Mozambique,2016,1.0231383
Mozambique,2017,0.9394296
Mozambique,2018,0.8539599
Mozambique,2019,0.8015935
Mozambique,2020,0.6412007
Myanmar,2000,1.1126359
Myanmar,2001,0.8619735
Myanmar,2002,0.85232735
Myanmar,2003,0.8439418
Myanmar,2004,0.869851
Myanmar,2005,0.85889876
Myanmar,2006,0.88640755
Myanmar,2007,0.85143554
Myanmar,2008,0.65600765
Myanmar,2009,0.6588556
Myanmar,2010,0.6875632
Myanmar,2011,0.6566569
Myanmar,2012,0.6709903
Myanmar,2013,0.63355136
Myanmar,2014,0.62162274
Myanmar,2015,0.57682747
Myanmar,2016,0.574182
Myanmar,2017,0.56495947
Myanmar,2018,0.5111859
Myanmar,2019,0.50750923
Myanmar,2020,0.3657013
Namibia,2000,1.7677888
Namibia,2001,1.613011
Namibia,2002,1.5985278
Namibia,2003,1.6076949
Namibia,2004,1.3198595
Namibia,2005,1.3801135
Namibia,2006,1.3999767
Namibia,2007,1.438205
Namibia,2008,1.472419
Namibia,2009,1.575931
Namibia,2010,1.6516844
Namibia,2011,1.4310035
Namibia,2012,1.3815523
Namibia,2013,1.2859479
Namibia,2014,1.0893614
Namibia,2015,1.0714175
Namibia,2016,0.8894505
Namibia,2017,0.8262445
Namibia,2018,0.79121923
Namibia,2019,0.81087846
Namibia,2020,0.7844844
Nepal,2000,2.1860936
Nepal,2001,2.1077735
Nepal,2002,1.8721333
Nepal,2003,1.7659396
Nepal,2004,1.4526879
Nepal,2005,1.414383
Nepal,2006,1.2105057
Nepal,2007,1.2010593
Nepal,2008,1.0460267
Nepal,2009,1.0315052
Nepal,2010,1.0633703
Nepal,2011,0.79998183
Nepal,2012,0.7803979
Nepal,2013,0.7089504
Nepal,2014,0.68807936
Nepal,2015,0.6809917
Nepal,2016,0.6097354
Nepal,2017,0.6079551
Nepal,2018,0.47937822
Nepal,2019,0.43564057
Nepal,2020,0.41737735
Netherlands,2000,0.022498926
Netherlands,2001,0.021747632
Netherlands,2002,0.021750817
Netherlands,2003,0.020662388
Netherlands,2004,0.019236198
Netherlands,2005,0.018213874
Netherlands,2006,0.016031502
Netherlands,2007,0.014673478
Netherlands,2008,0.013463325
Netherlands,2009,0.012292749
Netherlands,2010,0.010911949
Netherlands,2011,0.011302758
Netherlands,2012,0.0106000975
Netherlands,2013,0.009968967
Netherlands,2014,0.009384432
Netherlands,2015,0.008978422
Netherlands,2016,0.008995376
Netherlands,2017,0.008666577
Netherlands,2018,0.005560031
Netherlands,2019,0.0054888735
Netherlands,2020,0.0075096884
New Zealand,2000,0.023085237
New Zealand,2001,0.022922887
New Zealand,2002,0.017728053
New Zealand,2003,0.017958473
New Zealand,2004,0.023948858
New Zealand,2005,0.017355336
New Zealand,2006,0.022464085
New Zealand,2007,0.02134191
New Zealand,2008,0.019875007
New Zealand,2009,0.021193197
New Zealand,2010,0.02059156
New Zealand,2011,0.021653002
New Zealand,2012,0.019965824
New Zealand,2013,0.01365493
New Zealand,2014,0.013855742
New Zealand,2015,0.018030612
New Zealand,2016,0.013568784
New Zealand,2017,0.0128361685
New Zealand,2018,0.013694867
New Zealand,2019,0.012538356
New Zealand,2020,0.012207337
Nicaragua,2000,0.6317076
Nicaragua,2001,0.6499958
Nicaragua,2002,0.55845064
Nicaragua,2003,0.5656614
Nicaragua,2004,0.5629918
Nicaragua,2005,0.53657794
Nicaragua,2006,0.41453835
Nicaragua,2007,0.38586628
Nicaragua,2008,0.34643465
Nicaragua,2009,0.32026556
Nicaragua,2010,0.3027534
Nicaragua,2011,0.29262835
Nicaragua,2012,0.28536627
Nicaragua,2013,0.28199306
Nicaragua,2014,0.22271931
Nicaragua,2015,0.21871665
Nicaragua,2016,0.21288826
Nicaragua,2017,0.20959307
Nicaragua,2018,0.20531227
Nicaragua,2019,0.20718193
Nicaragua,2020,0.21463737
Niger,2000,6.670029
Niger,2001,6.748264
Niger,2002,6.6966834
Niger,2003,6.63528
Niger,2004,6.1958494
Niger,2005,5.952517
Niger,2006,5.7134676
Niger,2007,5.490883
Niger,2008,5.2584486
Niger,2009,5.050197
Niger,2010,4.476128
Niger,2011,4.345607
Niger,2012,4.2355814
Niger,2013,4.056066
Niger,2014,3.8891277
Niger,2015,3.7296548
Niger,2016,3.567812
Niger,2017,3.161073
Niger,2018,3.1519976
Niger,2019,2.9975624
Niger,2020,3.2174172
Nigeria,2000,6.7407956
Nigeria,2001,6.622641
Nigeria,2002,6.535272
Nigeria,2003,6.3822956
Nigeria,2004,6.4037204
Nigeria,2005,6.3243804
Nigeria,2006,6.3129196
Nigeria,2007,6.370141
Nigeria,2008,6.4680657
Nigeria,2009,6.4921083
Nigeria,2010,6.6210093
Nigeria,2011,5.989519
Nigeria,2012,6.0880923
Nigeria,2013,6.2152443
Nigeria,2014,6.363268
Nigeria,2015,5.890439
Nigeria,2016,5.9705186
Nigeria,2017,5.969645
Nigeria,2018,6.015986
Nigeria,2019,5.955702
Nigeria,2020,5.2505026
North America (WB),2000,0.023312392
North America (WB),2001,0.024671683
North America (WB),2002,0.025424652
North America (WB),2003,0.025998536
North America (WB),2004,0.02586947
North America (WB),2005,0.026304027
North America (WB),2006,0.026078405
North America (WB),2007,0.026012726
North America (WB),2008,0.028378919
North America (WB),2009,0.031016653
North America (WB),2010,0.02406492
North America (WB),2011,0.02595356
North America (WB),2012,0.026805086
North America (WB),2013,0.027710488
North America (WB),2014,0.02830691
North America (WB),2015,0.02923843
North America (WB),2016,0.031044496
North America (WB),2017,0.03216726
North America (WB),2018,0.031677864
North America (WB),2019,0.03237479
North America (WB),2020,0.03405108
North Korea,2000,0.4369339
North Korea,2001,0.34726492
North Korea,2002,0.37935743
North Korea,2003,0.2520607
North Korea,2004,0.26715156
North Korea,2005,0.20759258
North Korea,2006,0.22222708
North Korea,2007,0.2340084
North Korea,2008,0.23652627
North Korea,2009,0.22373137
North Korea,2010,0.22225012
North Korea,2011,0.20542228
North Korea,2012,0.18537188
North Korea,2013,0.16471867
North Korea,2014,0.14566733
North Korea,2015,0.18570541
North Korea,2016,0.18634166
North Korea,2017,0.18443923
North Korea,2018,0.18357565
North Korea,2019,0.18184559
North Korea,2020,0.18276343
North Macedonia,2000,0.021338157
North Macedonia,2001,0.020029694
North Macedonia,2002,0.018352816
North Macedonia,2003,0.01816044
North Macedonia,2004,0.012599361
North Macedonia,2005,0.012325519
North Macedonia,2006,0.011230281
North Macedonia,2007,0.010805487
North Macedonia,2008,0.009603396
North Macedonia,2009,0.012450983
North Macedonia,2010,0.0109925745
North Macedonia,2011,0.0074843667
North Macedonia,2012,0.0067126756
North Macedonia,2013,0.005711989
North Macedonia,2014,0.007974787
North Macedonia,2015,0.007864926
North Macedonia,2016,0.004791615
North Macedonia,2017,0.00458818
North Macedonia,2018,0.004015646
North Macedonia,2019,0.004304055
North Macedonia,2020,0.004230994
Norway,2000,0.011934979
Norway,2001,0.009041791
Norway,2002,0.008935081
Norway,2003,0.009283073
Norway,2004,0.009605693
Norway,2005,0.009580365
Norway,2006,0.008953128
Norway,2007,0.008609043
Norway,2008,0.007834798
Norway,2009,0.0074277655
Norway,2010,0.0069893636
Norway,2011,0.0066375765
Norway,2012,0.005558568
Norway,2013,0.005451334
Norway,2014,0.0044975746
Norway,2015,0.0041876296
Norway,2016,0.0038855677
Norway,2017,0.0037498346
Norway,2018,0.0034724749
Norway,2019,0.003381895
Norway,2020,0.0023176882
Oman,2000,0.08207505
Oman,2001,0.076211475
Oman,2002,0.08298032
Oman,2003,0.06837236
Oman,2004,0.070699334
Oman,2005,0.06145429
Oman,2006,0.065219164
Oman,2007,0.06885988
Oman,2008,0.0661901
Oman,2009,0.064290434
Oman,2010,0.062769264
Oman,2011,0.060118858
Oman,2012,0.05820257
Oman,2013,0.05623376
Oman,2014,0.05418849
Oman,2015,0.052423537
Oman,2016,0.051076915
Oman,2017,0.052868698
Oman,2018,0.055238117
Oman,2019,0.04884082
Oman,2020,0.05321962
Pakistan,2000,2.0810378
Pakistan,2001,2.0090885
Pakistan,2002,1.8086152
Pakistan,2003,1.7602841
Pakistan,2004,1.6869723
Pakistan,2005,1.4147253
Pakistan,2006,1.2810949
Pakistan,2007,1.2046982
Pakistan,2008,1.1468601
Pakistan,2009,1.156354
Pakistan,2010,1.0991148
Pakistan,2011,0.9588471
Pakistan,2012,0.95615244
Pakistan,2013,0.9137691
Pakistan,2014,0.92956847
Pakistan,2015,0.767941
Pakistan,2016,0.77025026
Pakistan,2017,0.72472996
Pakistan,2018,0.7292305
Pakistan,2019,0.73548836
Pakistan,2020,0.5812999
Palestine,2000,0.36165974
Palestine,2001,0.37570655
Palestine,2002,0.37091714
Palestine,2003,0.33183712
Palestine,2004,0.33065695
Palestine,2005,0.28039187
Palestine,2006,0.2809957
Palestine,2007,0.24531011
Palestine,2008,0.2389003
Palestine,2009,0.22919968
Palestine,2010,0.20979306
Palestine,2011,0.19598871
Palestine,2012,0.15963268
Palestine,2013,0.14430387
Palestine,2014,0.13496967
Palestine,2015,0.11820166
Palestine,2016,0.109842196
Palestine,2017,0.089361824
Palestine,2018,0.08700167
Palestine,2019,0.08397287
Palestine,2020,0.08487287
Panama,2000,0.2028189
Panama,2001,0.19677866
Panama,2002,0.19251333
Panama,2003,0.19100617
Panama,2004,0.18287066
Panama,2005,0.14717588
Panama,2006,0.14830278
Panama,2007,0.14763582
Panama,2008,0.14752014
Panama,2009,0.14887613
Panama,2010,0.15141572
Panama,2011,0.14834866
Panama,2012,0.14714204
Panama,2013,0.14327645
Panama,2014,0.13893938
Panama,2015,0.13469842
Panama,2016,0.13412975
Panama,2017,0.13642667
Panama,2018,0.11370879
Panama,2019,0.123075746
Panama,2020,0.11955473
Papua New Guinea,2000,1.4512459
Papua New Guinea,2001,1.4694302
Papua New Guinea,2002,1.5126162
Papua New Guinea,2003,1.5291716
Papua New Guinea,2004,1.3367821
Papua New Guinea,2005,1.3521453
Papua New Guinea,2006,1.3897604
Papua New Guinea,2007,1.4430366
Papua New Guinea,2008,1.1642183
Papua New Guinea,2009,1.1565933
Papua New Guinea,2010,1.1557615
Papua New Guinea,2011,1.0549368
Papua New Guinea,2012,1.0282182
Papua New Guinea,2013,0.86101973
Papua New Guinea,2014,0.8486678
Papua New Guinea,2015,0.7714169
Papua New Guinea,2016,0.7763415
Papua New Guinea,2017,0.7797436
Papua New Guinea,2018,0.67229253
Papua New Guinea,2019,0.64269936
Papua New Guinea,2020,0.64957196
Paraguay,2000,0.55660355
Paraguay,2001,0.55100334
Paraguay,2002,0.4501972
Paraguay,2003,0.4450882
Paraguay,2004,0.43473598
Paraguay,2005,0.43486574
Paraguay,2006,0.34946585
Paraguay,2007,0.33962518
Paraguay,2008,0.33014297
Paraguay,2009,0.32075754
Paraguay,2010,0.31005186
Paraguay,2011,0.3041809
Paraguay,2012,0.23347825
Paraguay,2013,0.22196604
Paraguay,2014,0.21104534
Paraguay,2015,0.24752639
Paraguay,2016,0.1894013
Paraguay,2017,0.18902206
Paraguay,2018,0.19205718
Paraguay,2019,0.19245197
Paraguay,2020,0.1959052
Peru,2000,0.34826952
Peru,2001,0.32504678
Peru,2002,0.3149252
Peru,2003,0.26823342
Peru,2004,0.27781436
Peru,2005,0.2671915
Peru,2006,0.24820282
Peru,2007,0.23942557
Peru,2008,0.22966756
Peru,2009,0.21966913
Peru,2010,0.20986512
Peru,2011,0.20203266
Peru,2012,0.19701543
Peru,2013,0.19557796
Peru,2014,0.15747108
Peru,2015,0.1568503
Peru,2016,0.14892484
Peru,2017,0.14675221
Peru,2018,0.1509872
Peru,2019,0.17384164
Peru,2020,0.16545917
Philippines,2000,0.48522535
Philippines,2001,0.55647135
Philippines,2002,0.47292617
Philippines,2003,0.46967655
Philippines,2004,0.47160545
Philippines,2005,0.46048918
Philippines,2006,0.45549625
Philippines,2007,0.43936193
Philippines,2008,0.36565873
Philippines,2009,0.36152124
Philippines,2010,0.36022666
Philippines,2011,0.36903223
Philippines,2012,0.3559984
Philippines,2013,0.3548106
Philippines,2014,0.27598315
Philippines,2015,0.27219248
Philippines,2016,0.26698902
Philippines,2017,0.26027054
Philippines,2018,0.2547206
Philippines,2019,0.24996074
Philippines,2020,0.2423921
Poland,2000,0.010793011
Poland,2001,0.00964639
Poland,2002,0.0087934695
Poland,2003,0.008011998
Poland,2004,0.007414326
Poland,2005,0.0066912146
Poland,2006,0.0059776157
Poland,2007,0.0052999947
Poland,2008,0.004534009
Poland,2009,0.0041112816
Poland,2010,0.00352901
Poland,2011,0.0035338083
Poland,2012,0.0033102501
Poland,2013,0.0031834368
Poland,2014,0.0030119645
Poland,2015,0.0029224548
Poland,2016,0.0027574995
Poland,2017,0.0026215909
Poland,2018,0.002593921
Poland,2019,0.002628522
Poland,2020,0.0027256047
Portugal,2000,0.018750349
Portugal,2001,0.013160425
Portugal,2002,0.01257725
Portugal,2003,0.012476546
Portugal,2004,0.012198053
Portugal,2005,0.012440393
Portugal,2006,0.012073528
Portugal,2007,0.012923044
Portugal,2008,0.012739495
Portugal,2009,0.013659752
Portugal,2010,0.013758418
Portugal,2011,0.013197657
Portugal,2012,0.014407439
Portugal,2013,0.009114158
Portugal,2014,0.00920145
Portugal,2015,0.0144919865
Portugal,2016,0.014692646
Portugal,2017,0.015547206
Portugal,2018,0.015288974
Portugal,2019,0.015782366
Portugal,2020,0.016431604
Puerto Rico,2000,0.04539668
Puerto Rico,2001,0.045833178
Puerto Rico,2002,0.048025604
Puerto Rico,2003,0.035067655
Puerto Rico,2004,0.034004837
Puerto Rico,2005,0.03408497
Puerto Rico,2006,0.034728296
Puerto Rico,2007,0.035921793
Puerto Rico,2008,0.03756565
Puerto Rico,2009,0.037886687
Puerto Rico,2010,0.036882073
Puerto Rico,2011,0.036465712
Puerto Rico,2012,0.024983276
Puerto Rico,2013,0.02521832
Puerto Rico,2014,0.025614684
Puerto Rico,2015,0.025438273
Puerto Rico,2016,0.024760326
Puerto Rico,2017,0.016277945
Puerto Rico,2018,0.018722573
Puerto Rico,2019,0.029158998
Puerto Rico,2020,0.047494847
Qatar,2000,0.09683431
Qatar,2001,0.07976585
Qatar,2002,0.087219805
Qatar,2003,0.075790204
Qatar,2004,0.07138664
Qatar,2005,0.05292907
Qatar,2006,0.042939484
Qatar,2007,0.03826906
Qatar,2008,0.03395204
Qatar,2009,0.03187931
Qatar,2010,0.024595229
Qatar,2011,0.024546146
Qatar,2012,0.024034852
Qatar,2013,0.0207396
Qatar,2014,0.015676327
Qatar,2015,0.015057505
Qatar,2016,0.013650824
Qatar,2017,0.013070419
Qatar,2018,0.013177763
Qatar,2019,0.013641117
Qatar,2020,0.01591381
Romania,2000,0.0693503
Romania,2001,0.06563501
Romania,2002,0.06502241
Romania,2003,0.066418454
Romania,2004,0.06293342
Romania,2005,0.05084728
Romania,2006,0.04258588
Romania,2007,0.03536982
Romania,2008,0.04066332
Romania,2009,0.0366894
Romania,2010,0.038525432
Romania,2011,0.026191583
Romania,2012,0.024835724
Romania,2013,0.023617275
Romania,2014,0.021453857
Romania,2015,0.020503558
Romania,2016,0.027217459
Romania,2017,0.022186344
Romania,2018,0.019835763
Romania,2019,0.018028475
Romania,2020,0.017529534
Russia,2000,0.053628385
Russia,2001,0.045517407
Russia,2002,0.066002056
Russia,2003,0.05686607
Russia,2004,0.047790542
Russia,2005,0.042997733
Russia,2006,0.03639916
Russia,2007,0.030181706
Russia,2008,0.025841914
Russia,2009,0.033129163
Russia,2010,0.029574987
Russia,2011,0.024576576
Russia,2012,0.021150244
Russia,2013,0.018773632
Russia,2014,0.01705576
Russia,2015,0.021723164
Russia,2016,0.014665366
Russia,2017,0.01514808
Russia,2018,0.015211014
Russia,2019,0.010336017
Russia,2020,0.018835755
Rwanda,2000,5.2657595
Rwanda,2001,4.442411
Rwanda,2002,4.092087
Rwanda,2003,3.6176858
Rwanda,2004,3.0665672
Rwanda,2005,2.7560325
Rwanda,2006,2.358985
Rwanda,2007,2.2849588
Rwanda,2008,2.138215
Rwanda,2009,1.8592925
Rwanda,2010,1.7938126
Rwanda,2011,1.7174156
Rwanda,2012,1.4287221
Rwanda,2013,1.4086044
Rwanda,2014,1.3410248
Rwanda,2015,1.362023
Rwanda,2016,1.2780174
Rwanda,2017,1.1112982
Rwanda,2018,1.1388811
Rwanda,2019,1.1397603
Rwanda,2020,1.0533122
Saint Lucia,2000,0.20690951
Saint Lucia,2001,0.19102179
Saint Lucia,2002,0.13804181
Saint Lucia,2003,0.1375899
Saint Lucia,2004,0.14376298
Saint Lucia,2005,0.14113162
Saint Lucia,2006,0.13690203
Saint Lucia,2007,0.13786781
Saint Lucia,2008,0.13830595
Saint Lucia,2009,0.13841422
Saint Lucia,2010,0.10122436
Saint Lucia,2011,0.102432825
Saint Lucia,2012,0.10366885
Saint Lucia,2013,0.1016182
Saint Lucia,2014,0.099192776
Saint Lucia,2015,0.13759722
Saint Lucia,2016,0.0887517
Saint Lucia,2017,0.08789988
Saint Lucia,2018,0.08473303
Saint Lucia,2019,0.124651045
Saint Lucia,2020,0.12676963
Saint Vincent and the Grenadines,2000,0.20895647
Saint Vincent and the Grenadines,2001,0.15158309
Saint Vincent and the Grenadines,2002,0.14662518
Saint Vincent and the Grenadines,2003,0.14681487
Saint Vincent and the Grenadines,2004,0.109330565
Saint Vincent and the Grenadines,2005,0.12908375
Saint Vincent and the Grenadines,2006,0.120156
Saint Vincent and the Grenadines,2007,0.11428099
Saint Vincent and the Grenadines,2008,0.08019951
Saint Vincent and the Grenadines,2009,0.10981545
Saint Vincent and the Grenadines,2010,0.10783614
Saint Vincent and the Grenadines,2011,0.10837715
Saint Vincent and the Grenadines,2012,0.10916321
Saint Vincent and the Grenadines,2013,0.10919768
Saint Vincent and the Grenadines,2014,0.096934356
Saint Vincent and the Grenadines,2015,0.07531408
Saint Vincent and the Grenadines,2016,0.072843544
Saint Vincent and the Grenadines,2017,0.07220686
Saint Vincent and the Grenadines,2018,0.10354173
Saint Vincent and the Grenadines,2019,0.11312157
Saint Vincent and the Grenadines,2020,0.10690656
Samoa,2000,0.3579383
Samoa,2001,0.35256284
Samoa,2002,0.2992818
Samoa,2003,0.28435498
Samoa,2004,0.2757823
Samoa,2005,0.27755502
Samoa,2006,0.26042312
Samoa,2007,0.26262602
Samoa,2008,0.2620176
Samoa,2009,0.27627406
Samoa,2010,0.29701304
Samoa,2011,0.2619274
Samoa,2012,0.2810463
Samoa,2013,0.26095113
Samoa,2014,0.26771185
Samoa,2015,0.25970152
Samoa,2016,0.25647438
Samoa,2017,0.26236224
Samoa,2018,0.26007125
Samoa,2019,0.29637802
Samoa,2020,0.2645397
Sao Tome and Principe,2000,1.0146134
Sao Tome and Principe,2001,1.0255643
Sao Tome and Principe,2002,0.9037734
Sao Tome and Principe,2003,0.88764715
Sao Tome and Principe,2004,0.8492362
Sao Tome and Principe,2005,0.8543803
Sao Tome and Principe,2006,0.8668716
Sao Tome and Principe,2007,0.79745865
Sao Tome and Principe,2008,0.8018472
Sao Tome and Principe,2009,0.84084255
Sao Tome and Principe,2010,0.80302536
Sao Tome and Principe,2011,0.91378456
Sao Tome and Principe,2012,0.8032445
Sao Tome and Principe,2013,0.7950351
Sao Tome and Principe,2014,0.72868735
Sao Tome and Principe,2015,0.655386
Sao Tome and Principe,2016,0.7737964
Sao Tome and Principe,2017,0.6299566
Sao Tome and Principe,2018,0.6542294
Sao Tome and Principe,2019,0.57656306
Sao Tome and Principe,2020,0.59207386
Saudi Arabia,2000,0.09637417
Saudi Arabia,2001,0.08564784
Saudi Arabia,2002,0.085962005
Saudi Arabia,2003,0.074914016
Saudi Arabia,2004,0.06888268
Saudi Arabia,2005,0.058795605
Saudi Arabia,2006,0.059113193
Saudi Arabia,2007,0.059941866
Saudi Arabia,2008,0.0509591
Saudi Arabia,2009,0.0524754
Saudi Arabia,2010,0.047803827
Saudi Arabia,2011,0.047729738
Saudi Arabia,2012,0.04756748
Saudi Arabia,2013,0.03957063
Saudi Arabia,2014,0.041600943
Saudi Arabia,2015,0.043850187
Saudi Arabia,2016,0.04509689
Saudi Arabia,2017,0.045569748
Saudi Arabia,2018,0.04648034
Saudi Arabia,2019,0.04896004
Saudi Arabia,2020,0.039271828
Senegal,2000,3.5416408
Senegal,2001,3.1181576
Senegal,2002,3.1272504
Senegal,2003,2.966473
Senegal,2004,2.8931267
Senegal,2005,2.7383935
Senegal,2006,2.593948
Senegal,2007,2.5332556
Senegal,2008,2.6157637
Senegal,2009,2.5201073
Senegal,2010,2.4145675
Senegal,2011,2.2476058
Senegal,2012,1.9884846
Senegal,2013,1.7883046
Senegal,2014,1.751263
Senegal,2015,1.6297071
Senegal,2016,1.3325459
Senegal,2017,1.323055
Senegal,2018,1.3197702
Senegal,2019,1.2284541
Senegal,2020,1.2447191
Serbia,2000,0.024581255
Serbia,2001,0.020514594
Serbia,2002,0.020265067
Serbia,2003,0.019930555
Serbia,2004,0.021379486
Serbia,2005,0.022298122
Serbia,2006,0.022041138
Serbia,2007,0.021343304
Serbia,2008,0.020605376
Serbia,2009,0.020342007
Serbia,2010,0.019750198
Serbia,2011,0.019381557
Serbia,2012,0.018680017
Serbia,2013,0.017997483
Serbia,2014,0.017665325
Serbia,2015,0.01763758
Serbia,2016,0.016850702
Serbia,2017,0.016703496
Serbia,2018,0.015965044
Serbia,2019,0.014581053
Serbia,2020,0.014180322
Seychelles,2000,0.10666019
Seychelles,2001,0.07799406
Seychelles,2002,0.073256165
Seychelles,2003,0.07064493
Seychelles,2004,0.063412644
Seychelles,2005,0.036150213
Seychelles,2006,0.033373214
Seychelles,2007,0.030691292
Seychelles,2008,0.027346747
Seychelles,2009,0.025103403
Seychelles,2010,0.017026456
Seychelles,2011,0.01989691
Seychelles,2012,0.014171945
Seychelles,2013,0.012445229
Seychelles,2014,0.010521832
Seychelles,2015,0.009793187
Seychelles,2016,0.014240915
Seychelles,2017,0.014438709
Seychelles,2018,0.009824733
Seychelles,2019,0.008531552
Seychelles,2020,0.0068772193
Sierra Leone,2000,10.314147
Sierra Leone,2001,9.900733
Sierra Leone,2002,8.740712
Sierra Leone,2003,8.519333
Sierra Leone,2004,7.621365
Sierra Leone,2005,7.4205337
Sierra Leone,2006,6.899169
Sierra Leone,2007,6.3924656
Sierra Leone,2008,5.2621713
Sierra Leone,2009,4.9106193
Sierra Leone,2010,4.5929856
Sierra Leone,2011,3.7759721
Sierra Leone,2012,3.4764206
Sierra Leone,2013,3.3107376
Sierra Leone,2014,3.0328698
Sierra Leone,2015,2.8975165
Sierra Leone,2016,2.3378007
Sierra Leone,2017,2.4087129
Sierra Leone,2018,2.1448126
Sierra Leone,2019,1.8877645
Sierra Leone,2020,1.9230188
Singapore,2000,0.02629045
Singapore,2001,0.021856071
Singapore,2002,0.01961163
Singapore,2003,0.01997465
Singapore,2004,0.019258872
Singapore,2005,0.017730473
Singapore,2006,0.016342092
Singapore,2007,0.015698193
Singapore,2008,0.015095081
Singapore,2009,0.008751407
Singapore,2010,0.008693081
Singapore,2011,0.007908735
Singapore,2012,0.011652561
Singapore,2013,0.0070298403
Singapore,2014,0.011007568
Singapore,2015,0.0105412705
Singapore,2016,0.007384792
Singapore,2017,0.007340726
Singapore,2018,0.006985725
Singapore,2019,0.0065429322
Singapore,2020,0.007797352
Slovakia,2000,0.011871818
Slovakia,2001,0.012970484
Slovakia,2002,0.011958213
Slovakia,2003,0.011500366
Slovakia,2004,0.010598446
Slovakia,2005,0.010323507
Slovakia,2006,0.0091903815
Slovakia,2007,0.010059927
Slovakia,2008,0.008175889
Slovakia,2009,0.00760522
Slovakia,2010,0.007074416
Slovakia,2011,0.0070251757
Slovakia,2012,0.0073070745
Slovakia,2013,0.0076264855
Slovakia,2014,0.0072519244
Slovakia,2015,0.006796657
Slovakia,2016,0.0071077975
Slovakia,2017,0.0066638812
Slovakia,2018,0.0064655445
Slovakia,2019,0.0067498633
Slovakia,2020,0.0067108395
Slovenia,2000,0.016572243
Slovenia,2001,0.009158723
Slovenia,2002,0.008844359
Slovenia,2003,0.009164796
Slovenia,2004,0.013307106
Slovenia,2005,0.012865707
Slovenia,2006,0.01071328
Slovenia,2007,0.009693102
Slovenia,2008,0.008272768
Slovenia,2009,0.011912442
Slovenia,2010,0.0105206985
Slovenia,2011,0.010607692
Slovenia,2012,0.010171983
Slovenia,2013,0.009456542
Slovenia,2014,0.0087395385
Slovenia,2015,0.008788698
Slovenia,2016,0.008084118
Slovenia,2017,0.0077375732
Slovenia,2018,0.00761965
Slovenia,2019,0.0048420257
Slovenia,2020,0.006319533
Solomon Islands,2000,0.76257133
Solomon Islands,2001,0.7974459
Solomon Islands,2002,0.7730667
Solomon Islands,2003,0.7978805
Solomon Islands,2004,0.807855
Solomon Islands,2005,0.7263093
Solomon Islands,2006,0.6965274
Solomon Islands,2007,0.7374597
Solomon Islands,2008,0.72127926
Solomon Islands,2009,0.69388396
Solomon Islands,2010,0.699453
Solomon Islands,2011,0.669333
Solomon Islands,2012,0.67561466
Solomon Islands,2013,0.6589728
Solomon Islands,2014,0.66693825
Solomon Islands,2015,0.67146695
Solomon Islands,2016,0.58776623
Solomon Islands,2017,0.5908849
Solomon Islands,2018,0.5636065
Solomon Islands,2019,0.5640862
Solomon Islands,2020,0.5005505
Somalia,2000,8.011172
Somalia,2001,7.9226217
Somalia,2002,7.943627
Somalia,2003,7.9942546
Somalia,2004,8.045747
Somalia,2005,7.8927345
Somalia,2006,7.808509
Somalia,2007,7.7599397
Somalia,2008,7.438111
Somalia,2009,6.681728
Somalia,2010,6.755797
Somalia,2011,6.602611
Somalia,2012,6.1025496
Somalia,2013,5.8724055
Somalia,2014,5.631745
Somalia,2015,5.4187126
Somalia,2016,4.837733
Somalia,2017,4.659745
Somalia,2018,4.449927
Somalia,2019,3.956906
Somalia,2020,4.049564
South Africa,2000,0.4333658
South Africa,2001,0.36327603
South Africa,2002,0.40914196
South Africa,2003,0.427218
South Africa,2004,0.5480242
South Africa,2005,0.5212107
South Africa,2006,0.4940527
South Africa,2007,0.5232484
South Africa,2008,0.52299803
South Africa,2009,0.5540746
South Africa,2010,0.5462282
South Africa,2011,0.4910449
South Africa,2012,0.42124546
South Africa,2013,0.3905567
South Africa,2014,0.36845455
South Africa,2015,0.37005544
South Africa,2016,0.29247767
South Africa,2017,0.35266358
South Africa,2018,0.33248347
South Africa,2019,0.31475705
South Africa,2020,0.33782697
South Asia (WB),2000,1.616395
South Asia (WB),2001,1.5592003
South Asia (WB),2002,1.317101
South Asia (WB),2003,1.2763608
South Asia (WB),2004,1.2045206
South Asia (WB),2005,1.1435436
South Asia (WB),2006,0.9317901
South Asia (WB),2007,0.8992638
South Asia (WB),2008,0.8496997
South Asia (WB),2009,0.7999198
South Asia (WB),2010,0.66146207
South Asia (WB),2011,0.6271909
South Asia (WB),2012,0.587793
South Asia (WB),2013,0.5648855
South Asia (WB),2014,0.4763647
South Asia (WB),2015,0.4497287
South Asia (WB),2016,0.4318574
South Asia (WB),2017,0.4165778
South Asia (WB),2018,0.40738377
South Asia (WB),2019,0.406626
South Asia (WB),2020,0.3158017
South Korea,2000,0.021547366
South Korea,2001,0.021495663
South Korea,2002,0.022980357
South Korea,2003,0.013810121
South Korea,2004,0.0133089535
South Korea,2005,0.012934694
South Korea,2006,0.011666092
South Korea,2007,0.010536663
South Korea,2008,0.009821926
South Korea,2009,0.009297035
South Korea,2010,0.0086082015
South Korea,2011,0.013384086
South Korea,2012,0.0127112325
South Korea,2013,0.0072679953
South Korea,2014,0.006724446
South Korea,2015,0.006491094
South Korea,2016,0.0063672424
South Korea,2017,0.0064741843
South Korea,2018,0.0067123636
South Korea,2019,0.00665925
South Korea,2020,0.005650349
South Sudan,2000,11.355376
South Sudan,2001,11.1686
South Sudan,2002,11.267681
South Sudan,2003,9.231215
South Sudan,2004,8.604634
South Sudan,2005,7.940612
South Sudan,2006,7.3518057
South Sudan,2007,6.3635283
South Sudan,2008,6.1177974
South Sudan,2009,6.016846
South Sudan,2010,5.386462
South Sudan,2011,5.40854
South Sudan,2012,5.4577436
South Sudan,2013,5.779426
South Sudan,2014,5.6120615
South Sudan,2015,5.8688917
South Sudan,2016,6.173202
South Sudan,2017,5.595957
South Sudan,2018,5.7067795
South Sudan,2019,5.174794
South Sudan,2020,5.0892754
Spain,2000,0.007003268
Spain,2001,0.006965048
Spain,2002,0.0067650457
Spain,2003,0.00687499
Spain,2004,0.006334511
Spain,2005,0.0062466026
Spain,2006,0.005991224
Spain,2007,0.005794941
Spain,2008,0.0055727134
Spain,2009,0.0057098186
Spain,2010,0.005461916
Spain,2011,0.005672936
Spain,2012,0.0056569236
Spain,2013,0.0057407776
Spain,2014,0.00558564
Spain,2015,0.0054121623
Spain,2016,0.0053412733
Spain,2017,0.0055369297
Spain,2018,0.005653564
Spain,2019,0.0033135198
Spain,2020,0.0035986083
Sri Lanka,2000,0.14649324
Sri Lanka,2001,0.13136902
Sri Lanka,2002,0.124958634
Sri Lanka,2003,0.119614616
Sri Lanka,2004,0.11299227
Sri Lanka,2005,0.106002405
Sri Lanka,2006,0.098196566
Sri Lanka,2007,0.09512816
Sri Lanka,2008,0.095528185
Sri Lanka,2009,0.09382632
Sri Lanka,2010,0.08993047
Sri Lanka,2011,0.08722973
Sri Lanka,2012,0.08366091
Sri Lanka,2013,0.08085226
Sri Lanka,2014,0.06253632
Sri Lanka,2015,0.06299036
Sri Lanka,2016,0.061864246
Sri Lanka,2017,0.06355208
Sri Lanka,2018,0.06291156
Sri Lanka,2019,0.06196589
Sri Lanka,2020,0.05997163
Sub-Saharan Africa (WB),2000,4.379845
Sub-Saharan Africa (WB),2001,4.23419
Sub-Saharan Africa (WB),2002,4.150193
Sub-Saharan Africa (WB),2003,3.9748082
Sub-Saharan Africa (WB),2004,3.9150634
Sub-Saharan Africa (WB),2005,3.827927
Sub-Saharan Africa (WB),2006,3.6965356
Sub-Saharan Africa (WB),2007,3.6258066
Sub-Saharan Africa (WB),2008,3.5997424
Sub-Saharan Africa (WB),2009,3.5306559
Sub-Saharan Africa (WB),2010,3.422523
Sub-Saharan Africa (WB),2011,3.25491
Sub-Saharan Africa (WB),2012,3.1188204
Sub-Saharan Africa (WB),2013,3.0815327
Sub-Saharan Africa (WB),2014,3.008092
Sub-Saharan Africa (WB),2015,2.8747215
Sub-Saharan Africa (WB),2016,2.7737236
Sub-Saharan Africa (WB),2017,2.7355824
Sub-Saharan Africa (WB),2018,2.6753845
Sub-Saharan Africa (WB),2019,2.598469
Sub-Saharan Africa (WB),2020,2.4618638
Sudan,2000,3.3804512
Sudan,2001,3.3490686
Sudan,2002,3.2909408
Sudan,2003,2.949399
Sudan,2004,2.7724972
Sudan,2005,2.589204
Sudan,2006,2.4735696
Sudan,2007,2.2051525
Sudan,2008,2.3880632
Sudan,2009,2.101735
Sudan,2010,2.0448408
Sudan,2011,1.7713752
Sudan,2012,1.6536913
Sudan,2013,1.6208106
Sudan,2014,1.5136853
Sudan,2015,1.5009727
Sudan,2016,1.5165373
Sudan,2017,1.4605124
Sudan,2018,1.4780626
Sudan,2019,1.5035492
Sudan,2020,1.2766116
Suriname,2000,0.8422183
Suriname,2001,0.8279055
Suriname,2002,0.7874318
Suriname,2003,0.7568991
Suriname,2004,0.69533193
Suriname,2005,0.51444334
Suriname,2006,0.52087456
Suriname,2007,0.4904655
Suriname,2008,0.4585305
Suriname,2009,0.41768342
Suriname,2010,0.3772019
Suriname,2011,0.35646805
Suriname,2012,0.3562689
Suriname,2013,0.36401543
Suriname,2014,0.36850002
Suriname,2015,0.34069228
Suriname,2016,0.2521564
Suriname,2017,0.23820472
Suriname,2018,0.23450758
Suriname,2019,0.24027504
Suriname,2020,0.23186351
Sweden,2000,0.010689768
Sweden,2001,0.010121799
Sweden,2002,0.0098611405
Sweden,2003,0.009735055
Sweden,2004,0.009182931
Sweden,2005,0.008838949
Sweden,2006,0.008963677
Sweden,2007,0.00882769
Sweden,2008,0.008713168
Sweden,2009,0.008640997
Sweden,2010,0.007886648
Sweden,2011,0.008507242
Sweden,2012,0.008577875
Sweden,2013,0.0085771335
Sweden,2014,0.008318418
Sweden,2015,0.007741454
Sweden,2016,0.0077016917
Sweden,2017,0.007856478
Sweden,2018,0.007891448
Sweden,2019,0.007883604
Sweden,2020,0.007849466
Switzerland,2000,0.010985502
Switzerland,2001,0.011890535
Switzerland,2002,0.01277235
Switzerland,2003,0.012332528
Switzerland,2004,0.012440049
Switzerland,2005,0.013053505
Switzerland,2006,0.012393115
Switzerland,2007,0.011650924
Switzerland,2008,0.011478617
Switzerland,2009,0.01089591
Switzerland,2010,0.011309848
Switzerland,2011,0.011298117
Switzerland,2012,0.010305384
Switzerland,2013,0.010088563
Switzerland,2014,0.00934113
Switzerland,2015,0.009012549
Switzerland,2016,0.014037186
Switzerland,2017,0.008568052
Switzerland,2018,0.012956521
Switzerland,2019,0.012385378
Switzerland,2020,0.012859814
Syria,2000,0.15035447
Syria,2001,0.13109471
Syria,2002,0.108065665
Syria,2003,0.09810259
Syria,2004,0.10243383
Syria,2005,0.09724309
Syria,2006,0.088965595
Syria,2007,0.08518085
Syria,2008,0.09039546
Syria,2009,0.07710891
Syria,2010,0.08101455
Syria,2011,0.09019963
Syria,2012,0.087860934
Syria,2013,0.097862594
Syria,2014,0.09003067
Syria,2015,0.09344842
Syria,2016,0.07875704
Syria,2017,0.084028
Syria,2018,0.08633376
Syria,2019,0.09120389
Syria,2020,0.08267966
Tajikistan,2000,0.29817855
Tajikistan,2001,0.24570006
Tajikistan,2002,0.226167
Tajikistan,2003,0.18461192
Tajikistan,2004,0.17485164
Tajikistan,2005,0.1662769
Tajikistan,2006,0.1540543
Tajikistan,2007,0.14579926
Tajikistan,2008,0.13236746
Tajikistan,2009,0.11737566
Tajikistan,2010,0.13088815
Tajikistan,2011,0.11759257
Tajikistan,2012,0.109184064
Tajikistan,2013,0.098396145
Tajikistan,2014,0.089805216
Tajikistan,2015,0.08395743
Tajikistan,2016,0.081615776
Tajikistan,2017,0.06880363
Tajikistan,2018,0.06565477
Tajikistan,2019,0.061981127
Tajikistan,2020,0.06281859
Tanzania,2000,4.271972
Tanzania,2001,3.9905615
Tanzania,2002,3.8011131
Tanzania,2003,3.5524628
Tanzania,2004,3.3507617
Tanzania,2005,3.197157
Tanzania,2006,3.1371949
Tanzania,2007,3.2593842
Tanzania,2008,3.4884028
Tanzania,2009,3.044418
Tanzania,2010,2.692267
Tanzania,2011,2.5563831
Tanzania,2012,2.0812345
Tanzania,2013,2.1461546
Tanzania,2014,1.9993955
Tanzania,2015,1.8781837
Tanzania,2016,1.6006964
Tanzania,2017,1.5115255
Tanzania,2018,1.4413143
Tanzania,2019,1.4153028
Tanzania,2020,1.210802
Thailand,2000,0.08228431
Thailand,2001,0.08245785
Thailand,2002,0.054278534
Thailand,2003,0.054277055
Thailand,2004,0.05780274
Thailand,2005,0.054138318
Thailand,2006,0.051994033
Thailand,2007,0.052197028
Thailand,2008,0.05153962
Thailand,2009,0.050678104
Thailand,2010,0.04864036
Thailand,2011,0.04618009
Thailand,2012,0.044327285
Thailand,2013,0.043385178
Thailand,2014,0.042375807
Thailand,2015,0.041634098
Thailand,2016,0.040092852
Thailand,2017,0.039720118
Thailand,2018,0.039841574
Thailand,2019,0.039909948
Thailand,2020,0.039596476
Togo,2000,2.4437506
Togo,2001,2.433858
Togo,2002,2.3497965
Togo,2003,2.3322947
Togo,2004,2.4862497
Togo,2005,2.5147984
Togo,2006,2.629418
Togo,2007,2.622907
Togo,2008,2.682791
Togo,2009,2.6377347
Togo,2010,2.698569
Togo,2011,2.3933918
Togo,2012,2.444646
Togo,2013,2.3720746
Togo,2014,2.3626113
Togo,2015,1.9856681
Togo,2016,1.9767807
Togo,2017,1.9248693
Togo,2018,1.9664106
Togo,2019,1.901684
Togo,2020,1.6847045
Tonga,2000,0.38375404
Tonga,2001,0.38741955
Tonga,2002,0.38378036
Tonga,2003,0.38228077
Tonga,2004,0.3872101
Tonga,2005,0.38682315
Tonga,2006,0.4030448
Tonga,2007,0.39570326
Tonga,2008,0.39588746
Tonga,2009,0.417307
Tonga,2010,0.3482003
Tonga,2011,0.34600043
Tonga,2012,0.3444481
Tonga,2013,0.34689933
Tonga,2014,0.35158405
Tonga,2015,0.2934235
Tonga,2016,0.286518
Tonga,2017,0.28517383
Tonga,2018,0.28490037
Tonga,2019,0.42572457
Tonga,2020,0.42646462
Trinidad and Tobago,2000,0.12597361
Trinidad and Tobago,2001,0.11372776
Trinidad and Tobago,2002,0.09973324
Trinidad and Tobago,2003,0.110412106
Trinidad and Tobago,2004,0.09727391
Trinidad and Tobago,2005,0.09562603
Trinidad and Tobago,2006,0.09619271
Trinidad and Tobago,2007,0.09216277
Trinidad and Tobago,2008,0.09283427
Trinidad and Tobago,2009,0.07772935
Trinidad and Tobago,2010,0.0804239
Trinidad and Tobago,2011,0.07622616
Trinidad and Tobago,2012,0.07002428
Trinidad and Tobago,2013,0.06351876
Trinidad and Tobago,2014,0.060173944
Trinidad and Tobago,2015,0.053697947
Trinidad and Tobago,2016,0.050728723
Trinidad and Tobago,2017,0.049110588
Trinidad and Tobago,2018,0.047575623
Trinidad and Tobago,2019,0.045418866
Trinidad and Tobago,2020,0.045850046
Tunisia,2000,0.12760518
Tunisia,2001,0.12846571
Tunisia,2002,0.12721483
Tunisia,2003,0.12369929
Tunisia,2004,0.12035352
Tunisia,2005,0.1167521
Tunisia,2006,0.11335503
Tunisia,2007,0.10940622
Tunisia,2008,0.104571775
Tunisia,2009,0.097545005
Tunisia,2010,0.09121701
Tunisia,2011,0.11149178
Tunisia,2012,0.10530632
Tunisia,2013,0.100809745
Tunisia,2014,0.09830369
Tunisia,2015,0.096501276
Tunisia,2016,0.09162432
Tunisia,2017,0.092162505
Tunisia,2018,0.09465725
Tunisia,2019,0.096594654
Tunisia,2020,0.07614405
Turkey,2000,0.08768852
Turkey,2001,0.084031045
Turkey,2002,0.069313236
Turkey,2003,0.06905295
Turkey,2004,0.065059185
Turkey,2005,0.06160276
Turkey,2006,0.058528375
Turkey,2007,0.056760877
Turkey,2008,0.055322465
Turkey,2009,0.054006465
Turkey,2010,0.053628456
Turkey,2011,0.054961354
Turkey,2012,0.05111665
Turkey,2013,0.04862372
Turkey,2014,0.0473459
Turkey,2015,0.047166724
Turkey,2016,0.047716133
Turkey,2017,0.035258878
Turkey,2018,0.03522404
Turkey,2019,0.035519466
Turkey,2020,0.03617928
Turkmenistan,2000,0.08030524
Turkmenistan,2001,0.07694133
Turkmenistan,2002,0.059295952
Turkmenistan,2003,0.053964764
Turkmenistan,2004,0.048732214
Turkmenistan,2005,0.045865558
Turkmenistan,2006,0.040046763
Turkmenistan,2007,0.035230804
Turkmenistan,2008,0.03043572
Turkmenistan,2009,0.031820238
Turkmenistan,2010,0.027279392
Turkmenistan,2011,0.023568807
Turkmenistan,2012,0.025182636
Turkmenistan,2013,0.022851693
Turkmenistan,2014,0.02118546
Turkmenistan,2015,0.019805973
Turkmenistan,2016,0.019518765
Turkmenistan,2017,0.015431226
Turkmenistan,2018,0.01548094
Turkmenistan,2019,0.015227595
Turkmenistan,2020,0.015943395
Uganda,2000,3.113488
Uganda,2001,3.0577245
Uganda,2002,3.0596125
Uganda,2003,2.8927844
Uganda,2004,2.8666878
Uganda,2005,2.8512456
Uganda,2006,2.7600675
Uganda,2007,2.4225867
Uganda,2008,2.4847226
Uganda,2009,2.5025413
Uganda,2010,2.266454
Uganda,2011,2.1987526
Uganda,2012,2.0651321
Uganda,2013,1.8316967
Uganda,2014,1.9593163
Uganda,2015,1.7861947
Uganda,2016,1.750541
Uganda,2017,1.7633296
Uganda,2018,1.5090865
Uganda,2019,1.5547668
Uganda,2020,1.5157636
Ukraine,2000,0.036938667
Ukraine,2001,0.033029385
Ukraine,2002,0.028676583
Ukraine,2003,0.025772449
Ukraine,2004,0.022409532
Ukraine,2005,0.021223983
Ukraine,2006,0.031284146
Ukraine,2007,0.02894752
Ukraine,2008,0.025993338
Ukraine,2009,0.023546405
Ukraine,2010,0.023346478
Ukraine,2011,0.020782143
Ukraine,2012,0.028981624
Ukraine,2013,0.028466104
Ukraine,2014,0.016837332
Ukraine,2015,0.015409691
Ukraine,2016,0.014321035
Ukraine,2017,0.014602173
Ukraine,2018,0.015667612
Ukraine,2019,0.009655748
Ukraine,2020,0.017144157
United Arab Emirates,2000,0.06742675
United Arab Emirates,2001,0.051295605
United Arab Emirates,2002,0.048463617
United Arab Emirates,2003,0.036727756
United Arab Emirates,2004,0.036456052
United Arab Emirates,2005,0.03713343
United Arab Emirates,2006,0.029024802
United Arab Emirates,2007,0.026862882
United Arab Emirates,2008,0.024534889
United Arab Emirates,2009,0.023018548
United Arab Emirates,2010,0.022294935
United Arab Emirates,2011,0.023156548
United Arab Emirates,2012,0.017961407
United Arab Emirates,2013,0.01837678
United Arab Emirates,2014,0.018913798
United Arab Emirates,2015,0.019611008
United Arab Emirates,2016,0.01452163
United Arab Emirates,2017,0.014966542
United Arab Emirates,2018,0.015762033
United Arab Emirates,2019,0.016435215
United Arab Emirates,2020,0.016276527
United Kingdom,2000,0.019052172
United Kingdom,2001,0.019247321
United Kingdom,2002,0.019926049
United Kingdom,2003,0.01969221
United Kingdom,2004,0.019215025
United Kingdom,2005,0.019187778
United Kingdom,2006,0.019031383
United Kingdom,2007,0.018510282
United Kingdom,2008,0.01827961
United Kingdom,2009,0.017556326
United Kingdom,2010,0.016565016
United Kingdom,2011,0.015739677
United Kingdom,2012,0.014450775
United Kingdom,2013,0.014536314
United Kingdom,2014,0.014704658
United Kingdom,2015,0.014588087
United Kingdom,2016,0.01479837
United Kingdom,2017,0.014812569
United Kingdom,2018,0.01600805
United Kingdom,2019,0.01603642
United Kingdom,2020,0.017103286
United States,2000,0.024542801
United States,2001,0.02599374
United States,2002,0.026727462
United States,2003,0.02733524
United States,2004,0.027177466
United States,2005,0.027562223
United States,2006,0.027387323
United States,2007,0.027438087
United States,2008,0.029018821
United States,2009,0.031993236
United States,2010,0.024366368
United States,2011,0.026421208
United States,2012,0.027388021
United States,2013,0.028418722
United States,2014,0.029048795
United States,2015,0.0300613
United States,2016,0.03188719
United States,2017,0.033083454
United States,2018,0.03362455
United States,2019,0.034318566
United States,2020,0.036381632
Upper-middle-income countries,2000,0.20012121
Upper-middle-income countries,2001,0.18695591
Upper-middle-income countries,2002,0.18321827
Upper-middle-income countries,2003,0.1668783
Upper-middle-income countries,2004,0.17524795
Upper-middle-income countries,2005,0.16994905
Upper-middle-income countries,2006,0.16177553
Upper-middle-income countries,2007,0.1602228
Upper-middle-income countries,2008,0.16078489
Upper-middle-income countries,2009,0.15193848
Upper-middle-income countries,2010,0.1425414
Upper-middle-income countries,2011,0.14368613
Upper-middle-income countries,2012,0.13174345
Upper-middle-income countries,2013,0.12535578
Upper-middle-income countries,2014,0.12222179
Upper-middle-income countries,2015,0.120596446
Upper-middle-income countries,2016,0.115552686
Upper-middle-income countries,2017,0.1132234
Upper-middle-income countries,2018,0.104912326
Upper-middle-income countries,2019,0.098925285
Upper-middle-income countries,2020,0.10423667
Uruguay,2000,0.06431521
Uruguay,2001,0.048772816
Uruguay,2002,0.046450697
Uruguay,2003,0.04633932
Uruguay,2004,0.044368286
Uruguay,2005,0.042295456
Uruguay,2006,0.041247353
Uruguay,2007,0.04007787
Uruguay,2008,0.039384432
Uruguay,2009,0.03812329
Uruguay,2010,0.03685958
Uruguay,2011,0.036128853
Uruguay,2012,0.035159253
Uruguay,2013,0.034611717
Uruguay,2014,0.03500365
Uruguay,2015,0.03506746
Uruguay,2016,0.03601911
Uruguay,2017,0.028379036
Uruguay,2018,0.03124873
Uruguay,2019,0.034716
Uruguay,2020,0.025779456
Uzbekistan,2000,0.13100056
Uzbekistan,2001,0.11005799
Uzbekistan,2002,0.11290503
Uzbekistan,2003,0.11741484
Uzbekistan,2004,0.11640442
Uzbekistan,2005,0.12349719
Uzbekistan,2006,0.120250486
Uzbekistan,2007,0.112261
Uzbekistan,2008,0.10552441
Uzbekistan,2009,0.103924595
Uzbekistan,2010,0.10365933
Uzbekistan,2011,0.10199499
Uzbekistan,2012,0.0988746
Uzbekistan,2013,0.092902005
Uzbekistan,2014,0.087158024
Uzbekistan,2015,0.08446815
Uzbekistan,2016,0.083390035
Uzbekistan,2017,0.08185666
Uzbekistan,2018,0.09521237
Uzbekistan,2019,0.09253754
Uzbekistan,2020,0.09358799
Vanuatu,2000,0.5190853
Vanuatu,2001,0.4690748
Vanuatu,2002,0.42411238
Vanuatu,2003,0.4292958
Vanuatu,2004,0.4288415
Vanuatu,2005,0.43305215
Vanuatu,2006,0.43301696
Vanuatu,2007,0.43528485
Vanuatu,2008,0.38401714
Vanuatu,2009,0.3908097
Vanuatu,2010,0.4136575
Vanuatu,2011,0.4226418
Vanuatu,2012,0.38486806
Vanuatu,2013,0.3860802
Vanuatu,2014,0.4104321
Vanuatu,2015,0.4081405
Vanuatu,2016,0.41859913
Vanuatu,2017,0.4189966
Vanuatu,2018,0.42907763
Vanuatu,2019,0.38050306
Vanuatu,2020,0.38730377
Venezuela,2000,0.28610796
Venezuela,2001,0.3322635
Venezuela,2002,0.3082879
Venezuela,2003,0.33636814
Venezuela,2004,0.3306222
Venezuela,2005,0.2627372
Venezuela,2006,0.2640992
Venezuela,2007,0.2681348
Venezuela,2008,0.29019332
Venezuela,2009,0.30204806
Venezuela,2010,0.30949622
Venezuela,2011,0.32650176
Venezuela,2012,0.3274321
Venezuela,2013,0.34358197
Venezuela,2014,0.28754443
Venezuela,2015,0.30388075
Venezuela,2016,0.3632613
Venezuela,2017,0.4216345
Venezuela,2018,0.43276283
Venezuela,2019,0.42647833
Venezuela,2020,0.62192744
Vietnam,2000,0.2131242
Vietnam,2001,0.1559501
Vietnam,2002,0.1488616
Vietnam,2003,0.1442752
Vietnam,2004,0.1382923
Vietnam,2005,0.1364121
Vietnam,2006,0.1360285
Vietnam,2007,0.1317249
Vietnam,2008,0.1284274
Vietnam,2009,0.1262747
Vietnam,2010,0.1241416
Vietnam,2011,0.1195958
Vietnam,2012,0.1163225
Vietnam,2013,0.1125476
Vietnam,2014,0.1094769
Vietnam,2015,0.1072832
Vietnam,2016,0.1062349
Vietnam,2017,0.106552
Vietnam,2018,0.1056301
Vietnam,2019,0.1043557
Vietnam,2020,0.0943542
World,2000,0.8588309
World,2001,0.8502055
World,2002,0.8089434
World,2003,0.7373446
World,2004,0.75802183
World,2005,0.7372129
World,2006,0.68528944
World,2007,0.6731334
World,2008,0.66063184
World,2009,0.6461166
World,2010,0.6046843
World,2011,0.59525514
World,2012,0.56099504
World,2013,0.5601309
World,2014,0.5306744
World,2015,0.5279284
World,2016,0.51483506
World,2017,0.51264817
World,2018,0.50126356
World,2019,0.4992452
World,2020,0.4833475
Yemen,2000,1.7599971
Yemen,2001,1.7072625
Yemen,2002,1.4649023
Yemen,2003,1.3568265
Yemen,2004,1.208902
Yemen,2005,1.1346437
Yemen,2006,1.0593303
Yemen,2007,0.9144322
Yemen,2008,0.9190792
Yemen,2009,0.7955487
Yemen,2010,0.8022805
Yemen,2011,0.7949319
Yemen,2012,0.8074992
Yemen,2013,0.7219324
Yemen,2014,0.7459493
Yemen,2015,0.78228015
Yemen,2016,0.82002014
Yemen,2017,0.7952508
Yemen,2018,0.7772096
Yemen,2019,0.8025004
Yemen,2020,0.75015736
Zambia,2000,2.4526045
Zambia,2001,2.025255
Zambia,2002,1.8865453
Zambia,2003,1.7430136
Zambia,2004,1.7730552
Zambia,2005,1.7686024
Zambia,2006,1.7663933
Zambia,2007,1.6318475
Zambia,2008,1.7902948
Zambia,2009,1.8440244
Zambia,2010,1.5404075
Zambia,2011,1.2720784
Zambia,2012,1.2178165
Zambia,2013,1.000369
Zambia,2014,0.8885055
Zambia,2015,0.87635714
Zambia,2016,0.7727943
Zambia,2017,0.777363
Zambia,2018,0.7244182
Zambia,2019,0.60272086
Zambia,2020,0.63174206
Zimbabwe,2000,1.4081614
Zimbabwe,2001,2.1345932
Zimbabwe,2002,1.5884035
Zimbabwe,2003,1.841547
Zimbabwe,2004,1.7364028
Zimbabwe,2005,1.8988025
Zimbabwe,2006,2.0184066
Zimbabwe,2007,2.3640769
Zimbabwe,2008,2.7228727
Zimbabwe,2009,2.7109811
Zimbabwe,2010,2.5813713
Zimbabwe,2011,2.4223108
Zimbabwe,2012,2.3122625
Zimbabwe,2013,2.2013943
Zimbabwe,2014,1.8376403
Zimbabwe,2015,1.7114432
Zimbabwe,2016,1.6850661
Zimbabwe,2017,1.4307884
Zimbabwe,2018,1.4053011
Zimbabwe,2019,1.542176
Zimbabwe,2020,1.4077294